,hru,CN2,ALPHA_BF,GW_DELAY,GWQMN,RCHRG_DP,GW_REVAP,LAT_TTIME,OV_N,SLSUBBSN,HRU_SLP,ESCO,SURLAG,EPCO,SOL_AWC,SOL_K,SOL_BD,CH_N2,CH_K2,ALPHA_BNK
0,000010000,,,,,,,,,,,,,,,,,0.17,78.75,0.35
1,000010001,78.0,0.19,51.3,337.5,0.0075,0.09,0.0,0.42,121.951,0.012,,,,0.22,950.0,2.07,,,
2,000010002,78.0,0.19,51.3,337.5,0.0075,0.09,0.0,0.42,121.951,0.016,,,,0.22,950.0,2.07,,,
3,000020000,,,,,,,,,,,,,,,,,0.17,78.75,0.35
4,000020001,78.0,0.19,51.3,337.5,0.0075,0.09,0.0,0.42,9.146,0.38,,,,0.22,950.0,2.07,,,
5,000020002,78.0,0.19,51.3,337.5,0.0075,0.09,0.0,0.42,18.293,0.175,,,,0.22,950.0,2.07,,,
6,000020003,78.0,0.19,51.3,337.5,0.0075,0.09,0.0,0.42,15.244,0.248,,,,0.22,950.0,2.07,,,
7,000020004,78.0,0.19,51.3,337.5,0.0075,0.09,0.0,0.42,24.39,0.123,,,,0.22,950.0,2.07,,,
8,000020005,78.0,0.19,51.3,337.5,0.0075,0.09,0.0,0.42,121.951,0.014,,,,0.22,950.0,2.07,,,
9,000020006,78.0,0.19,51.3,337.5,0.0075,0.09,0.0,0.42,60.976,0.069,,,,0.22,950.0,2.07,,,
10,000020007,78.0,0.19,51.3,337.5,0.0075,0.09,0.0,0.42,9.146,0.385,,,,0.22,950.0,2.07,,,
11,000020008,78.0,0.19,51.3,337.5,0.0075,0.09,0.0,0.42,15.244,0.247,,,,0.22,950.0,2.07,,,
12,000020009,78.0,0.19,51.3,337.5,0.0075,0.09,0.0,0.42,24.39,0.124,,,,0.22,950.0,2.07,,,
13,000020010,78.0,0.19,51.3,337.5,0.0075,0.09,0.0,0.42,91.463,0.021,,,,0.22,950.0,2.07,,,
14,000020011,78.0,0.19,51.3,337.5,0.0075,0.09,0.0,0.42,15.244,0.247,,,,0.22,950.0,2.07,,,
15,000020012,78.0,0.19,51.3,337.5,0.0075,0.09,0.0,0.42,24.39,0.124,,,,0.22,950.0,2.07,,,
16,000020013,78.0,0.19,51.3,337.5,0.0075,0.09,0.0,0.42,18.293,0.176,,,,0.22,950.0,2.07,,,
17,000020014,78.0,0.19,51.3,337.5,0.0075,0.09,0.0,0.42,9.146,0.378,,,,0.22,950.0,2.07,,,
18,000020015,78.0,0.19,51.3,337.5,0.0075,0.09,0.0,0.42,121.951,0.013,,,,0.22,950.0,2.07,,,
19,000020016,78.0,0.19,51.3,337.5,0.0075,0.09,0.0,0.42,121.951,0.013,,,,0.22,950.0,2.07,,,
20,000030000,,,,,,,,,,,,,,,,,0.17,78.75,0.35
21,000030001,78.0,0.19,51.3,337.5,0.0075,0.09,0.0,0.42,60.976,0.071,,,,0.22,950.0,2.07,,,
22,000030002,78.0,0.19,51.3,337.5,0.0075,0.09,0.0,0.42,121.951,0.014,,,,0.22,950.0,2.07,,,
23,000030003,78.0,0.19,51.3,337.5,0.0075,0.09,0.0,0.42,60.976,0.12,,,,0.22,950.0,2.07,,,
24,000030004,78.0,0.19,51.3,337.5,0.0075,0.09,0.0,0.42,9.146,0.361,,,,0.22,950.0,2.07,,,
25,000030005,78.0,0.19,51.3,337.5,0.0075,0.09,0.0,0.42,60.976,0.12,,,,0.22,950.0,2.07,,,
26,000030006,78.0,0.19,51.3,337.5,0.0075,0.09,0.0,0.42,121.951,0.011,,,,0.22,950.0,2.07,,,
27,000030007,78.0,0.19,51.3,337.5,0.0075,0.09,0.0,0.42,121.951,0.01,,,,0.22,950.0,2.07,,,
28,000030008,78.0,0.19,51.3,337.5,0.0075,0.09,0.0,0.42,60.976,0.069,,,,0.22,950.0,2.07,,,
29,000030009,78.0,0.19,51.3,337.5,0.0075,0.09,0.0,0.42,91.463,0.022,,,,0.22,950.0,2.07,,,
30,000040000,,,,,,,,,,,,,,,,,0.17,78.75,0.35
31,000040001,78.0,0.19,51.3,337.5,0.0075,0.09,0.0,0.42,121.951,0.015,,,,0.22,950.0,2.07,,,
32,000040002,78.0,0.19,51.3,337.5,0.0075,0.09,0.0,0.42,60.976,0.068,,,,0.22,950.0,2.07,,,
33,000040003,78.0,0.19,51.3,337.5,0.0075,0.09,0.0,0.42,91.463,0.022,,,,0.22,950.0,2.07,,,
34,000040004,78.0,0.19,51.3,337.5,0.0075,0.09,0.0,0.42,60.976,0.068,,,,0.22,950.0,2.07,,,
35,000050000,,,,,,,,,,,,,,,,,0.17,78.75,0.35
36,000050001,78.0,0.19,51.3,337.5,0.0075,0.09,0.0,0.42,9.146,0.39,,,,0.22,950.0,2.07,,,
37,000050002,78.0,0.19,51.3,337.5,0.0075,0.09,0.0,0.42,15.244,0.242,,,,0.22,950.0,2.07,,,
38,000050003,78.0,0.19,51.3,337.5,0.0075,0.09,0.0,0.42,18.293,0.175,,,,0.22,950.0,2.07,,,
39,000050004,78.0,0.19,51.3,337.5,0.0075,0.09,0.0,0.42,24.39,0.126,,,,0.22,950.0,2.07,,,
40,000050005,78.0,0.19,51.3,337.5,0.0075,0.09,0.0,0.42,121.951,0.019,,,,0.22,950.0,2.07,,,
41,000050006,78.0,0.19,51.3,337.5,0.0075,0.09,0.0,0.42,121.951,0.02,,,,0.22,950.0,2.07,,,
42,000050007,78.0,0.19,51.3,337.5,0.0075,0.09,0.0,0.42,60.976,0.069,,,,0.22,950.0,2.07,,,
43,000060000,,,,,,,,,,,,,,,,,0.17,78.75,0.35
44,000060001,78.0,0.19,51.3,337.5,0.0075,0.09,0.0,0.42,60.976,0.056,,,,0.22,950.0,2.07,,,
45,000060002,78.0,0.19,51.3,337.5,0.0075,0.09,0.0,0.42,121.951,0.017,,,,0.22,950.0,2.07,,,
46,000060003,78.0,0.19,51.3,337.5,0.0075,0.09,0.0,0.42,121.951,0.0,,,,0.22,950.0,2.07,,,
47,000060004,78.0,0.19,51.3,337.5,0.0075,0.09,0.0,0.42,121.951,0.004,,,,0.22,950.0,2.07,,,
48,000070000,,,,,,,,,,,,,,,,,0.17,78.75,0.35
49,000070001,78.0,0.19,51.3,337.5,0.0075,0.09,0.0,0.42,121.951,0.019,,,,0.22,950.0,2.07,,,
50,000070002,78.0,0.19,51.3,337.5,0.0075,0.09,0.0,0.42,60.976,0.073,,,,0.22,950.0,2.07,,,
51,000070003,78.0,0.19,51.3,337.5,0.0075,0.09,0.0,0.42,24.39,0.12,,,,0.22,950.0,2.07,,,
52,000070004,78.0,0.19,51.3,337.5,0.0075,0.09,0.0,0.42,121.951,0.0,,,,0.22,950.0,2.07,,,
53,000080000,,,,,,,,,,,,,,,,,0.17,78.75,0.35
54,000080001,78.0,0.19,51.3,337.5,0.0075,0.09,0.0,0.42,121.951,0.018,,,,0.22,950.0,2.07,,,
55,000080002,78.0,0.19,51.3,337.5,0.0075,0.09,0.0,0.42,60.976,0.071,,,,0.22,950.0,2.07,,,
56,000080003,78.0,0.19,51.3,337.5,0.0075,0.09,0.0,0.42,91.463,0.022,,,,0.22,950.0,2.07,,,
57,000080004,78.0,0.19,51.3,337.5,0.0075,0.09,0.0,0.42,60.976,0.075,,,,0.22,950.0,2.07,,,
58,000080005,78.0,0.19,51.3,337.5,0.0075,0.09,0.0,0.42,60.976,0.12,,,,0.22,950.0,2.07,,,
59,000080006,78.0,0.19,51.3,337.5,0.0075,0.09,0.0,0.42,9.146,0.393,,,,0.22,950.0,2.07,,,
60,000080007,78.0,0.19,51.3,337.5,0.0075,0.09,0.0,0.42,9.146,0.251,,,,0.22,950.0,2.07,,,
61,000090000,,,,,,,,,,,,,,,,,0.17,78.75,0.35
62,000090001,78.0,0.19,51.3,337.5,0.0075,0.09,0.0,0.42,91.463,0.02,,,,0.22,950.0,2.07,,,
63,000090002,78.0,0.19,51.3,337.5,0.0075,0.09,0.0,0.42,60.976,0.071,,,,0.22,950.0,2.07,,,
64,000100000,,,,,,,,,,,,,,,,,0.17,78.75,0.35
65,000100001,78.0,0.19,51.3,337.5,0.0075,0.09,0.0,0.42,60.976,0.07,,,,0.22,950.0,2.07,,,
66,000100002,78.0,0.19,51.3,337.5,0.0075,0.09,0.0,0.42,91.463,0.025,,,,0.22,950.0,2.07,,,
67,000100003,78.0,0.19,51.3,337.5,0.0075,0.09,0.0,0.42,60.976,0.119,,,,0.22,950.0,2.07,,,
68,000100004,78.0,0.19,51.3,337.5,0.0075,0.09,0.0,0.42,91.463,0.023,,,,0.22,950.0,2.07,,,
69,000100005,78.0,0.19,51.3,337.5,0.0075,0.09,0.0,0.42,24.39,0.122,,,,0.22,950.0,2.07,,,
70,000100006,78.0,0.19,51.3,337.5,0.0075,0.09,0.0,0.42,60.976,0.073,,,,0.22,950.0,2.07,,,
71,000100007,78.0,0.19,51.3,337.5,0.0075,0.09,0.0,0.42,60.976,0.071,,,,0.22,950.0,2.07,,,
72,000100008,78.0,0.19,51.3,337.5,0.0075,0.09,0.0,0.42,91.463,0.024,,,,0.22,950.0,2.07,,,
73,000100009,78.0,0.19,51.3,337.5,0.0075,0.09,0.0,0.42,15.244,0.25,,,,0.22,950.0,2.07,,,
74,000100010,78.0,0.19,51.3,337.5,0.0075,0.09,0.0,0.42,9.146,0.395,,,,0.22,950.0,2.07,,,
75,000100011,78.0,0.19,51.3,337.5,0.0075,0.09,0.0,0.42,9.146,0.571,,,,0.22,950.0,2.07,,,
76,000100012,78.0,0.19,51.3,337.5,0.0075,0.09,0.0,0.42,60.976,0.071,,,,0.22,950.0,2.07,,,
77,000100013,78.0,0.19,51.3,337.5,0.0075,0.09,0.0,0.42,91.463,0.023,,,,0.22,950.0,2.07,,,
78,000100014,78.0,0.19,51.3,337.5,0.0075,0.09,0.0,0.42,9.146,0.385,,,,0.22,950.0,2.07,,,
79,000110000,,,,,,,,,,,,,,,,,0.17,78.75,0.35
80,000110001,78.0,0.19,51.3,337.5,0.0075,0.09,0.0,0.42,18.293,0.173,,,,0.22,950.0,2.07,,,
81,000110002,78.0,0.19,51.3,337.5,0.0075,0.09,0.0,0.42,91.463,0.023,,,,0.22,950.0,2.07,,,
82,000110003,78.0,0.19,51.3,337.5,0.0075,0.09,0.0,0.42,15.244,0.242,,,,0.22,950.0,2.07,,,
83,000110004,78.0,0.19,51.3,337.5,0.0075,0.09,0.0,0.42,24.39,0.123,,,,0.22,950.0,2.07,,,
84,000110005,78.0,0.19,51.3,337.5,0.0075,0.09,0.0,0.42,60.976,0.074,,,,0.22,950.0,2.07,,,
85,000110006,78.0,0.19,51.3,337.5,0.0075,0.09,0.0,0.42,9.146,0.374,,,,0.22,950.0,2.07,,,
86,000110007,78.0,0.19,51.3,337.5,0.0075,0.09,0.0,0.42,60.976,0.118,,,,0.22,950.0,2.07,,,
87,000110008,78.0,0.19,51.3,337.5,0.0075,0.09,0.0,0.42,60.976,0.07,,,,0.22,950.0,2.07,,,
88,000110009,78.0,0.19,51.3,337.5,0.0075,0.09,0.0,0.42,91.463,0.025,,,,0.22,950.0,2.07,,,
89,000110010,78.0,0.19,51.3,337.5,0.0075,0.09,0.0,0.42,24.39,0.123,,,,0.22,950.0,2.07,,,
90,000110011,78.0,0.19,51.3,337.5,0.0075,0.09,0.0,0.42,91.463,0.027,,,,0.22,950.0,2.07,,,
91,000110012,78.0,0.19,51.3,337.5,0.0075,0.09,0.0,0.42,60.976,0.074,,,,0.22,950.0,2.07,,,
92,000110013,78.0,0.19,51.3,337.5,0.0075,0.09,0.0,0.42,15.244,0.238,,,,0.22,950.0,2.07,,,
93,000120000,,,,,,,,,,,,,,,,,0.17,78.75,0.35
94,000120001,78.0,0.19,51.3,337.5,0.0075,0.09,0.0,0.42,15.244,0.241,,,,0.22,950.0,2.07,,,
95,000120002,78.0,0.19,51.3,337.5,0.0075,0.09,0.0,0.42,91.463,0.027,,,,0.22,950.0,2.07,,,
96,000120003,78.0,0.19,51.3,337.5,0.0075,0.09,0.0,0.42,24.39,0.121,,,,0.22,950.0,2.07,,,
97,000120004,78.0,0.19,51.3,337.5,0.0075,0.09,0.0,0.42,60.976,0.071,,,,0.22,950.0,2.07,,,
98,000120005,78.0,0.19,51.3,337.5,0.0075,0.09,0.0,0.42,60.976,0.071,,,,0.22,950.0,2.07,,,
99,000120006,78.0,0.19,51.3,337.5,0.0075,0.09,0.0,0.42,91.463,0.023,,,,0.22,950.0,2.07,,,
100,000120007,78.0,0.19,51.3,337.5,0.0075,0.09,0.0,0.42,60.976,0.119,,,,0.22,950.0,2.07,,,
101,000120008,78.0,0.19,51.3,337.5,0.0075,0.09,0.0,0.42,24.39,0.12,,,,0.22,950.0,2.07,,,
102,000120009,78.0,0.19,51.3,337.5,0.0075,0.09,0.0,0.42,60.976,0.072,,,,0.22,950.0,2.07,,,
103,000120010,78.0,0.19,51.3,337.5,0.0075,0.09,0.0,0.42,15.244,0.243,,,,0.22,950.0,2.07,,,
104,000120011,78.0,0.19,51.3,337.5,0.0075,0.09,0.0,0.42,91.463,0.025,,,,0.22,950.0,2.07,,,
105,000120012,78.0,0.19,51.3,337.5,0.0075,0.09,0.0,0.42,60.976,0.07,,,,0.22,950.0,2.07,,,
106,000120013,78.0,0.19,51.3,337.5,0.0075,0.09,0.0,0.42,91.463,0.026,,,,0.22,950.0,2.07,,,
107,000130000,,,,,,,,,,,,,,,,,0.17,78.75,0.35
108,000130001,78.0,0.19,51.3,337.5,0.0075,0.09,0.0,0.42,60.976,0.07,,,,0.22,950.0,2.07,,,
109,000130002,78.0,0.19,51.3,337.5,0.0075,0.09,0.0,0.42,121.951,0.012,,,,0.22,950.0,2.07,,,
110,000130003,78.0,0.19,51.3,337.5,0.0075,0.09,0.0,0.42,60.976,0.068,,,,0.22,950.0,2.07,,,
111,000130004,78.0,0.19,51.3,337.5,0.0075,0.09,0.0,0.42,91.463,0.023,,,,0.22,950.0,2.07,,,
112,000140000,,,,,,,,,,,,,,,,,0.17,78.75,0.35
113,000140001,78.0,0.19,51.3,337.5,0.0075,0.09,0.0,0.42,60.976,0.069,,,,0.22,950.0,2.07,,,
114,000140002,78.0,0.19,51.3,337.5,0.0075,0.09,0.0,0.42,91.463,0.022,,,,0.22,950.0,2.07,,,
115,000140003,78.0,0.19,51.3,337.5,0.0075,0.09,0.0,0.42,121.951,0.015,,,,0.22,950.0,2.07,,,
116,000140004,78.0,0.19,51.3,337.5,0.0075,0.09,0.0,0.42,60.976,0.065,,,,0.22,950.0,2.07,,,
117,000150000,,,,,,,,,,,,,,,,,0.17,78.75,0.35
118,000150001,78.0,0.19,51.3,337.5,0.0075,0.09,0.0,0.42,60.976,0.069,,,,0.22,950.0,2.07,,,
119,000150002,78.0,0.19,51.3,337.5,0.0075,0.09,0.0,0.42,91.463,0.021,,,,0.22,950.0,2.07,,,
120,000160000,,,,,,,,,,,,,,,,,0.17,78.75,0.35
121,000160001,78.0,0.19,51.3,337.5,0.0075,0.09,0.0,0.42,15.244,0.247,,,,0.22,950.0,2.07,,,
122,000160002,78.0,0.19,51.3,337.5,0.0075,0.09,0.0,0.42,91.463,0.021,,,,0.22,950.0,2.07,,,
123,000160003,78.0,0.19,51.3,337.5,0.0075,0.09,0.0,0.42,9.146,0.373,,,,0.22,950.0,2.07,,,
124,000160004,78.0,0.19,51.3,337.5,0.0075,0.09,0.0,0.42,60.976,0.12,,,,0.22,950.0,2.07,,,
125,000160005,78.0,0.19,51.3,337.5,0.0075,0.09,0.0,0.42,60.976,0.073,,,,0.22,950.0,2.07,,,
126,000160006,78.0,0.19,51.3,337.5,0.0075,0.09,0.0,0.42,91.463,0.021,,,,0.22,950.0,2.07,,,
127,000160007,78.0,0.19,51.3,337.5,0.0075,0.09,0.0,0.42,60.976,0.068,,,,0.22,950.0,2.07,,,
128,000170000,,,,,,,,,,,,,,,,,0.17,78.75,0.35
129,000170001,78.0,0.19,51.3,337.5,0.0075,0.09,0.0,0.42,60.976,0.068,,,,0.22,950.0,2.07,,,
130,000170002,78.0,0.19,51.3,337.5,0.0075,0.09,0.0,0.42,91.463,0.022,,,,0.22,950.0,2.07,,,
131,000170003,78.0,0.19,51.3,337.5,0.0075,0.09,0.0,0.42,9.146,0.381,,,,0.22,950.0,2.07,,,
132,000170004,78.0,0.19,51.3,337.5,0.0075,0.09,0.0,0.42,15.244,0.245,,,,0.22,950.0,2.07,,,
133,000170005,78.0,0.19,51.3,337.5,0.0075,0.09,0.0,0.42,60.976,0.073,,,,0.22,950.0,2.07,,,
134,000170006,78.0,0.19,51.3,337.5,0.0075,0.09,0.0,0.42,24.39,0.121,,,,0.22,950.0,2.07,,,
135,000170007,78.0,0.19,51.3,337.5,0.0075,0.09,0.0,0.42,91.463,0.025,,,,0.22,950.0,2.07,,,
136,000170008,78.0,0.19,51.3,337.5,0.0075,0.09,0.0,0.42,24.39,0.125,,,,0.22,950.0,2.07,,,
137,000170009,78.0,0.19,51.3,337.5,0.0075,0.09,0.0,0.42,15.244,0.248,,,,0.22,950.0,2.07,,,
138,000170010,78.0,0.19,51.3,337.5,0.0075,0.09,0.0,0.42,9.146,0.386,,,,0.22,950.0,2.07,,,
139,000170011,78.0,0.19,51.3,337.5,0.0075,0.09,0.0,0.42,9.146,0.576,,,,0.22,950.0,2.07,,,
140,000180000,,,,,,,,,,,,,,,,,0.17,78.75,0.35
141,000180001,78.0,0.19,51.3,337.5,0.0075,0.09,0.0,0.42,121.951,0.019,,,,0.22,950.0,2.07,,,
142,000180002,78.0,0.19,51.3,337.5,0.0075,0.09,0.0,0.42,60.976,0.069,,,,0.22,950.0,2.07,,,
143,000180003,78.0,0.19,51.3,337.5,0.0075,0.09,0.0,0.42,60.976,0.071,,,,0.22,950.0,2.07,,,
144,000180004,78.0,0.19,51.3,337.5,0.0075,0.09,0.0,0.42,91.463,0.026,,,,0.22,950.0,2.07,,,
145,000180005,78.0,0.19,51.3,337.5,0.0075,0.09,0.0,0.42,24.39,0.125,,,,0.22,950.0,2.07,,,
146,000180006,78.0,0.19,51.3,337.5,0.0075,0.09,0.0,0.42,15.244,0.245,,,,0.22,950.0,2.07,,,
147,000180007,78.0,0.19,51.3,337.5,0.0075,0.09,0.0,0.42,24.39,0.124,,,,0.22,950.0,2.07,,,
148,000180008,78.0,0.19,51.3,337.5,0.0075,0.09,0.0,0.42,18.293,0.174,,,,0.22,950.0,2.07,,,
149,000180009,78.0,0.19,51.3,337.5,0.0075,0.09,0.0,0.42,60.976,0.074,,,,0.22,950.0,2.07,,,
150,000180010,78.0,0.19,51.3,337.5,0.0075,0.09,0.0,0.42,91.463,0.021,,,,0.22,950.0,2.07,,,
151,000180011,78.0,0.19,51.3,337.5,0.0075,0.09,0.0,0.42,9.146,0.381,,,,0.22,950.0,2.07,,,
152,000180012,78.0,0.19,51.3,337.5,0.0075,0.09,0.0,0.42,15.244,0.245,,,,0.22,950.0,2.07,,,
153,000180013,78.0,0.19,51.3,337.5,0.0075,0.09,0.0,0.42,60.976,0.075,,,,0.22,950.0,2.07,,,
154,000180014,78.0,0.19,51.3,337.5,0.0075,0.09,0.0,0.42,24.39,0.123,,,,0.22,950.0,2.07,,,
155,000180015,78.0,0.19,51.3,337.5,0.0075,0.09,0.0,0.42,121.951,0.018,,,,0.22,950.0,2.07,,,
156,000180016,78.0,0.19,51.3,337.5,0.0075,0.09,0.0,0.42,9.146,0.384,,,,0.22,950.0,2.07,,,
157,000180017,78.0,0.19,51.3,337.5,0.0075,0.09,0.0,0.42,15.244,0.247,,,,0.22,950.0,2.07,,,
158,000180018,78.0,0.19,51.3,337.5,0.0075,0.09,0.0,0.42,60.976,0.071,,,,0.22,950.0,2.07,,,
159,000180019,78.0,0.19,51.3,337.5,0.0075,0.09,0.0,0.42,24.39,0.123,,,,0.22,950.0,2.07,,,
160,000180020,78.0,0.19,51.3,337.5,0.0075,0.09,0.0,0.42,91.463,0.027,,,,0.22,950.0,2.07,,,
161,000180021,78.0,0.19,51.3,337.5,0.0075,0.09,0.0,0.42,9.146,0.369,,,,0.22,950.0,2.07,,,
162,000190000,,,,,,,,,,,,,,,,,0.17,78.75,0.35
163,000190001,78.0,0.19,51.3,337.5,0.0075,0.09,0.0,0.42,60.976,0.07,,,,0.22,950.0,2.07,,,
164,000190002,78.0,0.19,51.3,337.5,0.0075,0.09,0.0,0.42,91.463,0.023,,,,0.22,950.0,2.07,,,
165,000200000,,,,,,,,,,,,,,,,,0.17,78.75,0.35
166,000200001,78.0,0.19,51.3,337.5,0.0075,0.09,0.0,0.42,9.146,0.63,,,,0.22,950.0,2.07,,,
167,000200002,78.0,0.19,51.3,337.5,0.0075,0.09,0.0,0.42,9.146,0.399,,,,0.22,950.0,2.07,,,
168,000200003,78.0,0.19,51.3,337.5,0.0075,0.09,0.0,0.42,24.39,0.124,,,,0.22,950.0,2.07,,,
169,000200004,78.0,0.19,51.3,337.5,0.0075,0.09,0.0,0.42,15.244,0.244,,,,0.22,950.0,2.07,,,
170,000200005,78.0,0.19,51.3,337.5,0.0075,0.09,0.0,0.42,18.293,0.175,,,,0.22,950.0,2.07,,,
171,000200006,78.0,0.19,51.3,337.5,0.0075,0.09,0.0,0.42,60.976,0.115,,,,0.22,950.0,2.07,,,
172,000200007,78.0,0.19,51.3,337.5,0.0075,0.09,0.0,0.42,60.976,0.072,,,,0.22,950.0,2.07,,,
173,000200008,78.0,0.19,51.3,337.5,0.0075,0.09,0.0,0.42,91.463,0.023,,,,0.22,950.0,2.07,,,
174,000200009,78.0,0.19,51.3,337.5,0.0075,0.09,0.0,0.42,60.976,0.07,,,,0.22,950.0,2.07,,,
175,000200010,78.0,0.19,51.3,337.5,0.0075,0.09,0.0,0.42,91.463,0.022,,,,0.22,950.0,2.07,,,
176,000200011,78.0,0.19,51.3,337.5,0.0075,0.09,0.0,0.42,60.976,0.115,,,,0.22,950.0,2.07,,,
177,000210000,,,,,,,,,,,,,,,,,0.17,78.75,0.35
178,000210001,78.0,0.19,51.3,337.5,0.0075,0.09,0.0,0.42,18.293,0.17,,,,0.22,950.0,2.07,,,
179,000210002,78.0,0.19,51.3,337.5,0.0075,0.09,0.0,0.42,9.146,0.404,,,,0.22,950.0,2.07,,,
180,000210003,78.0,0.19,51.3,337.5,0.0075,0.09,0.0,0.42,15.244,0.243,,,,0.22,950.0,2.07,,,
181,000210004,78.0,0.19,51.3,337.5,0.0075,0.09,0.0,0.42,24.39,0.125,,,,0.22,950.0,2.07,,,
182,000210005,78.0,0.19,51.3,337.5,0.0075,0.09,0.0,0.42,24.39,0.121,,,,0.22,950.0,2.07,,,
183,000210006,78.0,0.19,51.3,337.5,0.0075,0.09,0.0,0.42,60.976,0.071,,,,0.22,950.0,2.07,,,
184,000210007,78.0,0.19,51.3,337.5,0.0075,0.09,0.0,0.42,121.951,0.019,,,,0.22,950.0,2.07,,,
185,000220000,,,,,,,,,,,,,,,,,0.17,78.75,0.35
186,000220001,78.0,0.19,51.3,337.5,0.0075,0.09,0.0,0.42,9.146,0.393,,,,0.22,950.0,2.07,,,
187,000220002,78.0,0.19,51.3,337.5,0.0075,0.09,0.0,0.42,15.244,0.243,,,,0.22,950.0,2.07,,,
188,000220003,78.0,0.19,51.3,337.5,0.0075,0.09,0.0,0.42,9.146,0.606,,,,0.22,950.0,2.07,,,
189,000220004,78.0,0.19,51.3,337.5,0.0075,0.09,0.0,0.42,24.39,0.123,,,,0.22,950.0,2.07,,,
190,000220005,78.0,0.19,51.3,337.5,0.0075,0.09,0.0,0.42,121.951,0.013,,,,0.22,950.0,2.07,,,
191,000220006,78.0,0.19,51.3,337.5,0.0075,0.09,0.0,0.42,60.976,0.076,,,,0.22,950.0,2.07,,,
192,000220007,78.0,0.19,51.3,337.5,0.0075,0.09,0.0,0.42,24.39,0.121,,,,0.22,950.0,2.07,,,
193,000220008,78.0,0.19,51.3,337.5,0.0075,0.09,0.0,0.42,15.244,0.248,,,,0.22,950.0,2.07,,,
194,000220009,78.0,0.19,51.3,337.5,0.0075,0.09,0.0,0.42,9.146,0.391,,,,0.22,950.0,2.07,,,
195,000220010,78.0,0.19,51.3,337.5,0.0075,0.09,0.0,0.42,9.146,0.606,,,,0.22,950.0,2.07,,,
196,000230000,,,,,,,,,,,,,,,,,0.17,78.75,0.35
197,000230001,78.0,0.19,51.3,337.5,0.0075,0.09,0.0,0.42,121.951,0.018,,,,0.22,950.0,2.07,,,
198,000230002,78.0,0.19,51.3,337.5,0.0075,0.09,0.0,0.42,60.976,0.067,,,,0.22,950.0,2.07,,,
199,000230003,78.0,0.19,51.3,337.5,0.0075,0.09,0.0,0.42,60.976,0.069,,,,0.22,950.0,2.07,,,
200,000230004,78.0,0.19,51.3,337.5,0.0075,0.09,0.0,0.42,91.463,0.022,,,,0.22,950.0,2.07,,,
201,000230005,78.0,0.19,51.3,337.5,0.0075,0.09,0.0,0.42,60.976,0.074,,,,0.22,950.0,2.07,,,
202,000230006,78.0,0.19,51.3,337.5,0.0075,0.09,0.0,0.42,15.244,0.243,,,,0.22,950.0,2.07,,,
203,000230007,78.0,0.19,51.3,337.5,0.0075,0.09,0.0,0.42,9.146,0.389,,,,0.22,950.0,2.07,,,
204,000230008,78.0,0.19,51.3,337.5,0.0075,0.09,0.0,0.42,24.39,0.125,,,,0.22,950.0,2.07,,,
205,000230009,78.0,0.19,51.3,337.5,0.0075,0.09,0.0,0.42,18.293,0.176,,,,0.22,950.0,2.07,,,
206,000230010,78.0,0.19,51.3,337.5,0.0075,0.09,0.0,0.42,15.244,0.245,,,,0.22,950.0,2.07,,,
207,000230011,78.0,0.19,51.3,337.5,0.0075,0.09,0.0,0.42,9.146,0.389,,,,0.22,950.0,2.07,,,
208,000230012,78.0,0.19,51.3,337.5,0.0075,0.09,0.0,0.42,24.39,0.122,,,,0.22,950.0,2.07,,,
209,000230013,78.0,0.19,51.3,337.5,0.0075,0.09,0.0,0.42,60.976,0.072,,,,0.22,950.0,2.07,,,
210,000230014,78.0,0.19,51.3,337.5,0.0075,0.09,0.0,0.42,91.463,0.028,,,,0.22,950.0,2.07,,,
211,000240000,,,,,,,,,,,,,,,,,0.17,78.75,0.35
212,000240001,78.0,0.19,51.3,337.5,0.0075,0.09,0.0,0.42,121.951,0.015,,,,0.22,950.0,2.07,,,
213,000240002,78.0,0.19,51.3,337.5,0.0075,0.09,0.0,0.42,60.976,0.063,,,,0.22,950.0,2.07,,,
214,000250000,,,,,,,,,,,,,,,,,0.17,78.75,0.35
215,000250001,78.0,0.19,51.3,337.5,0.0075,0.09,0.0,0.42,121.951,0.019,,,,0.22,950.0,2.07,,,
216,000250002,78.0,0.19,51.3,337.5,0.0075,0.09,0.0,0.42,121.951,0.018,,,,0.22,950.0,2.07,,,
217,000250003,78.0,0.19,51.3,337.5,0.0075,0.09,0.0,0.42,60.976,0.072,,,,0.22,950.0,2.07,,,
218,000250004,78.0,0.19,51.3,337.5,0.0075,0.09,0.0,0.42,91.463,0.025,,,,0.22,950.0,2.07,,,
219,000250005,78.0,0.19,51.3,337.5,0.0075,0.09,0.0,0.42,60.976,0.067,,,,0.22,950.0,2.07,,,
220,000260000,,,,,,,,,,,,,,,,,0.17,78.75,0.35
221,000260001,78.0,0.19,51.3,337.5,0.0075,0.09,0.0,0.42,24.39,0.124,,,,0.22,950.0,2.07,,,
222,000260002,78.0,0.19,51.3,337.5,0.0075,0.09,0.0,0.42,18.293,0.174,,,,0.22,950.0,2.07,,,
223,000260003,78.0,0.19,51.3,337.5,0.0075,0.09,0.0,0.42,15.244,0.246,,,,0.22,950.0,2.07,,,
224,000260004,78.0,0.19,51.3,337.5,0.0075,0.09,0.0,0.42,9.146,0.373,,,,0.22,950.0,2.07,,,
225,000260005,78.0,0.19,51.3,337.5,0.0075,0.09,0.0,0.42,18.293,0.172,,,,0.22,950.0,2.07,,,
226,000260006,78.0,0.19,51.3,337.5,0.0075,0.09,0.0,0.42,60.976,0.075,,,,0.22,950.0,2.07,,,
227,000260007,78.0,0.19,51.3,337.5,0.0075,0.09,0.0,0.42,24.39,0.123,,,,0.22,950.0,2.07,,,
228,000260008,78.0,0.19,51.3,337.5,0.0075,0.09,0.0,0.42,121.951,0.016,,,,0.22,950.0,2.07,,,
229,000260009,78.0,0.19,51.3,337.5,0.0075,0.09,0.0,0.42,9.146,0.25,,,,0.22,950.0,2.07,,,
230,000260010,78.0,0.19,51.3,337.5,0.0075,0.09,0.0,0.42,9.146,0.367,,,,0.22,950.0,2.07,,,
231,000260011,78.0,0.19,51.3,337.5,0.0075,0.09,0.0,0.42,60.976,0.069,,,,0.22,950.0,2.07,,,
232,000260012,78.0,0.19,51.3,337.5,0.0075,0.09,0.0,0.42,121.951,0.017,,,,0.22,950.0,2.07,,,
233,000270000,,,,,,,,,,,,,,,,,0.17,78.75,0.35
234,000270001,78.0,0.19,51.3,337.5,0.0075,0.09,0.0,0.42,9.146,0.369,,,,0.22,950.0,2.07,,,
235,000270002,78.0,0.19,51.3,337.5,0.0075,0.09,0.0,0.42,15.244,0.247,,,,0.22,950.0,2.07,,,
236,000270003,78.0,0.19,51.3,337.5,0.0075,0.09,0.0,0.42,18.293,0.176,,,,0.22,950.0,2.07,,,
237,000270004,78.0,0.19,51.3,337.5,0.0075,0.09,0.0,0.42,24.39,0.125,,,,0.22,950.0,2.07,,,
238,000270005,78.0,0.19,51.3,337.5,0.0075,0.09,0.0,0.42,9.146,0.37,,,,0.22,950.0,2.07,,,
239,000270006,78.0,0.19,51.3,337.5,0.0075,0.09,0.0,0.42,18.293,0.175,,,,0.22,950.0,2.07,,,
240,000270007,78.0,0.19,51.3,337.5,0.0075,0.09,0.0,0.42,15.244,0.247,,,,0.22,950.0,2.07,,,
241,000270008,78.0,0.19,51.3,337.5,0.0075,0.09,0.0,0.42,24.39,0.125,,,,0.22,950.0,2.07,,,
242,000270009,78.0,0.19,51.3,337.5,0.0075,0.09,0.0,0.42,60.976,0.072,,,,0.22,950.0,2.07,,,
243,000270010,78.0,0.19,51.3,337.5,0.0075,0.09,0.0,0.42,24.39,0.12,,,,0.22,950.0,2.07,,,
244,000270011,78.0,0.19,51.3,337.5,0.0075,0.09,0.0,0.42,121.951,0.018,,,,0.22,950.0,2.07,,,
245,000270012,78.0,0.19,51.3,337.5,0.0075,0.09,0.0,0.42,60.976,0.074,,,,0.22,950.0,2.07,,,
246,000270013,78.0,0.19,51.3,337.5,0.0075,0.09,0.0,0.42,24.39,0.123,,,,0.22,950.0,2.07,,,
247,000270014,78.0,0.19,51.3,337.5,0.0075,0.09,0.0,0.42,121.951,0.012,,,,0.22,950.0,2.07,,,
248,000270015,78.0,0.19,51.3,337.5,0.0075,0.09,0.0,0.42,15.244,0.245,,,,0.22,950.0,2.07,,,
249,000270016,78.0,0.19,51.3,337.5,0.0075,0.09,0.0,0.42,24.39,0.124,,,,0.22,950.0,2.07,,,
250,000270017,78.0,0.19,51.3,337.5,0.0075,0.09,0.0,0.42,15.244,0.245,,,,0.22,950.0,2.07,,,
251,000270018,78.0,0.19,51.3,337.5,0.0075,0.09,0.0,0.42,91.463,0.022,,,,0.22,950.0,2.07,,,
252,000270019,78.0,0.19,51.3,337.5,0.0075,0.09,0.0,0.42,18.293,0.174,,,,0.22,950.0,2.07,,,
253,000270020,78.0,0.19,51.3,337.5,0.0075,0.09,0.0,0.42,9.146,0.367,,,,0.22,950.0,2.07,,,
254,000270021,78.0,0.19,51.3,337.5,0.0075,0.09,0.0,0.42,60.976,0.075,,,,0.22,950.0,2.07,,,
255,000270022,78.0,0.19,51.3,337.5,0.0075,0.09,0.0,0.42,18.293,0.175,,,,0.22,950.0,2.07,,,
256,000270023,78.0,0.19,51.3,337.5,0.0075,0.09,0.0,0.42,15.244,0.246,,,,0.22,950.0,2.07,,,
257,000270024,78.0,0.19,51.3,337.5,0.0075,0.09,0.0,0.42,9.146,0.351,,,,0.22,950.0,2.07,,,
258,000270025,78.0,0.19,51.3,337.5,0.0075,0.09,0.0,0.42,24.39,0.124,,,,0.22,950.0,2.07,,,
259,000280000,,,,,,,,,,,,,,,,,0.17,78.75,0.35
260,000280001,78.0,0.19,51.3,337.5,0.0075,0.09,0.0,0.42,18.293,0.173,,,,0.22,950.0,2.07,,,
261,000280002,78.0,0.19,51.3,337.5,0.0075,0.09,0.0,0.42,9.146,0.368,,,,0.22,950.0,2.07,,,
262,000280003,78.0,0.19,51.3,337.5,0.0075,0.09,0.0,0.42,24.39,0.121,,,,0.22,950.0,2.07,,,
263,000280004,78.0,0.19,51.3,337.5,0.0075,0.09,0.0,0.42,15.244,0.24,,,,0.22,950.0,2.07,,,
264,000280005,78.0,0.19,51.3,337.5,0.0075,0.09,0.0,0.42,60.976,0.072,,,,0.22,950.0,2.07,,,
265,000280006,78.0,0.19,51.3,337.5,0.0075,0.09,0.0,0.42,91.463,0.024,,,,0.22,950.0,2.07,,,
266,000280007,78.0,0.19,51.3,337.5,0.0075,0.09,0.0,0.42,60.976,0.078,,,,0.22,950.0,2.07,,,
267,000280008,78.0,0.19,51.3,337.5,0.0075,0.09,0.0,0.42,121.951,0.019,,,,0.22,950.0,2.07,,,
268,000280009,78.0,0.19,51.3,337.5,0.0075,0.09,0.0,0.42,24.39,0.124,,,,0.22,950.0,2.07,,,
269,000280010,78.0,0.19,51.3,337.5,0.0075,0.09,0.0,0.42,15.244,0.244,,,,0.22,950.0,2.07,,,
270,000280011,78.0,0.19,51.3,337.5,0.0075,0.09,0.0,0.42,9.146,0.365,,,,0.22,950.0,2.07,,,
271,000280012,78.0,0.19,51.3,337.5,0.0075,0.09,0.0,0.42,60.976,0.07,,,,0.22,950.0,2.07,,,
272,000280013,78.0,0.19,51.3,337.5,0.0075,0.09,0.0,0.42,91.463,0.023,,,,0.22,950.0,2.07,,,
273,000280014,78.0,0.19,51.3,337.5,0.0075,0.09,0.0,0.42,60.976,0.07,,,,0.22,950.0,2.07,,,
274,000280015,78.0,0.19,51.3,337.5,0.0075,0.09,0.0,0.42,91.463,0.021,,,,0.22,950.0,2.07,,,
275,000280016,78.0,0.19,51.3,337.5,0.0075,0.09,0.0,0.42,24.39,0.126,,,,0.22,950.0,2.07,,,
276,000280017,78.0,0.19,51.3,337.5,0.0075,0.09,0.0,0.42,18.293,0.172,,,,0.22,950.0,2.07,,,
277,000280018,78.0,0.19,51.3,337.5,0.0075,0.09,0.0,0.42,15.244,0.247,,,,0.22,950.0,2.07,,,
278,000280019,78.0,0.19,51.3,337.5,0.0075,0.09,0.0,0.42,9.146,0.381,,,,0.22,950.0,2.07,,,
279,000280020,78.0,0.19,51.3,337.5,0.0075,0.09,0.0,0.42,24.39,0.125,,,,0.22,950.0,2.07,,,
280,000280021,78.0,0.19,51.3,337.5,0.0075,0.09,0.0,0.42,15.244,0.249,,,,0.22,950.0,2.07,,,
281,000280022,78.0,0.19,51.3,337.5,0.0075,0.09,0.0,0.42,18.293,0.176,,,,0.22,950.0,2.07,,,
282,000280023,78.0,0.19,51.3,337.5,0.0075,0.09,0.0,0.42,9.146,0.378,,,,0.22,950.0,2.07,,,
283,000280024,78.0,0.19,51.3,337.5,0.0075,0.09,0.0,0.42,9.146,0.387,,,,0.22,950.0,2.07,,,
284,000280025,78.0,0.19,51.3,337.5,0.0075,0.09,0.0,0.42,9.146,0.252,,,,0.22,950.0,2.07,,,
285,000280026,78.0,0.19,51.3,337.5,0.0075,0.09,0.0,0.42,18.293,0.174,,,,0.22,950.0,2.07,,,
286,000280027,78.0,0.19,51.3,337.5,0.0075,0.09,0.0,0.42,15.244,0.248,,,,0.22,950.0,2.07,,,
287,000280028,78.0,0.19,51.3,337.5,0.0075,0.09,0.0,0.42,24.39,0.125,,,,0.22,950.0,2.07,,,
288,000280029,78.0,0.19,51.3,337.5,0.0075,0.09,0.0,0.42,9.146,0.376,,,,0.22,950.0,2.07,,,
289,000290000,,,,,,,,,,,,,,,,,0.17,78.75,0.35
290,000290001,78.0,0.19,51.3,337.5,0.0075,0.09,0.0,0.42,91.463,0.03,,,,0.22,950.0,2.07,,,
291,000290002,78.0,0.19,51.3,337.5,0.0075,0.09,0.0,0.42,18.293,0.179,,,,0.22,950.0,2.07,,,
292,000290003,78.0,0.19,51.3,337.5,0.0075,0.09,0.0,0.42,91.463,0.031,,,,0.22,950.0,2.07,,,
293,000290004,78.0,0.19,51.3,337.5,0.0075,0.09,0.0,0.42,60.976,0.058,,,,0.22,950.0,2.07,,,
294,000300000,,,,,,,,,,,,,,,,,0.17,78.75,0.35
295,000300001,78.0,0.19,51.3,337.5,0.0075,0.09,0.0,0.42,9.146,0.389,,,,0.22,950.0,2.07,,,
296,000300002,78.0,0.19,51.3,337.5,0.0075,0.09,0.0,0.42,9.146,0.252,,,,0.22,950.0,2.07,,,
297,000300003,78.0,0.19,51.3,337.5,0.0075,0.09,0.0,0.42,18.293,0.17,,,,0.22,950.0,2.07,,,
298,000300004,78.0,0.19,51.3,337.5,0.0075,0.09,0.0,0.42,24.39,0.126,,,,0.22,950.0,2.07,,,
299,000300005,78.0,0.19,51.3,337.5,0.0075,0.09,0.0,0.42,60.976,0.071,,,,0.22,950.0,2.07,,,
300,000300006,78.0,0.19,51.3,337.5,0.0075,0.09,0.0,0.42,91.463,0.026,,,,0.22,950.0,2.07,,,
301,000300007,78.0,0.19,51.3,337.5,0.0075,0.09,0.0,0.42,15.244,0.231,,,,0.22,950.0,2.07,,,
302,000300008,78.0,0.19,51.3,337.5,0.0075,0.09,0.0,0.42,24.39,0.123,,,,0.22,950.0,2.07,,,
303,000300009,78.0,0.19,51.3,337.5,0.0075,0.09,0.0,0.42,121.951,0.019,,,,0.22,950.0,2.07,,,
304,000300010,78.0,0.19,51.3,337.5,0.0075,0.09,0.0,0.42,18.293,0.171,,,,0.22,950.0,2.07,,,
305,000300011,78.0,0.19,51.3,337.5,0.0075,0.09,0.0,0.42,60.976,0.072,,,,0.22,950.0,2.07,,,
306,000300012,78.0,0.19,51.3,337.5,0.0075,0.09,0.0,0.42,60.976,0.072,,,,0.22,950.0,2.07,,,
307,000300013,78.0,0.19,51.3,337.5,0.0075,0.09,0.0,0.42,91.463,0.023,,,,0.22,950.0,2.07,,,
308,000300014,78.0,0.19,51.3,337.5,0.0075,0.09,0.0,0.42,60.976,0.117,,,,0.22,950.0,2.07,,,
309,000300015,78.0,0.19,51.3,337.5,0.0075,0.09,0.0,0.42,15.244,0.228,,,,0.22,950.0,2.07,,,
310,000300016,78.0,0.19,51.3,337.5,0.0075,0.09,0.0,0.42,60.976,0.116,,,,0.22,950.0,2.07,,,
311,000300017,78.0,0.19,51.3,337.5,0.0075,0.09,0.0,0.42,60.976,0.069,,,,0.22,950.0,2.07,,,
312,000300018,78.0,0.19,51.3,337.5,0.0075,0.09,0.0,0.42,91.463,0.024,,,,0.22,950.0,2.07,,,
313,000310000,,,,,,,,,,,,,,,,,0.17,78.75,0.35
314,000310001,78.0,0.19,51.3,337.5,0.0075,0.09,0.0,0.42,91.463,0.025,,,,0.22,950.0,2.07,,,
315,000310002,78.0,0.19,51.3,337.5,0.0075,0.09,0.0,0.42,24.39,0.124,,,,0.22,950.0,2.07,,,
316,000310003,78.0,0.19,51.3,337.5,0.0075,0.09,0.0,0.42,18.293,0.171,,,,0.22,950.0,2.07,,,
317,000310004,78.0,0.19,51.3,337.5,0.0075,0.09,0.0,0.42,60.976,0.074,,,,0.22,950.0,2.07,,,
318,000310005,78.0,0.19,51.3,337.5,0.0075,0.09,0.0,0.42,91.463,0.029,,,,0.22,950.0,2.07,,,
319,000310006,78.0,0.19,51.3,337.5,0.0075,0.09,0.0,0.42,18.293,0.172,,,,0.22,950.0,2.07,,,
320,000310007,78.0,0.19,51.3,337.5,0.0075,0.09,0.0,0.42,15.244,0.238,,,,0.22,950.0,2.07,,,
321,000310008,78.0,0.19,51.3,337.5,0.0075,0.09,0.0,0.42,60.976,0.074,,,,0.22,950.0,2.07,,,
322,000310009,78.0,0.19,51.3,337.5,0.0075,0.09,0.0,0.42,24.39,0.125,,,,0.22,950.0,2.07,,,
323,000310010,78.0,0.19,51.3,337.5,0.0075,0.09,0.0,0.42,18.293,0.173,,,,0.22,950.0,2.07,,,
324,000310011,78.0,0.19,51.3,337.5,0.0075,0.09,0.0,0.42,60.976,0.076,,,,0.22,950.0,2.07,,,
325,000310012,78.0,0.19,51.3,337.5,0.0075,0.09,0.0,0.42,121.951,0.02,,,,0.22,950.0,2.07,,,
326,000310013,78.0,0.19,51.3,337.5,0.0075,0.09,0.0,0.42,15.244,0.237,,,,0.22,950.0,2.07,,,
327,000310014,78.0,0.19,51.3,337.5,0.0075,0.09,0.0,0.42,24.39,0.122,,,,0.22,950.0,2.07,,,
328,000320000,,,,,,,,,,,,,,,,,0.17,78.75,0.35
329,000320001,78.0,0.19,51.3,337.5,0.0075,0.09,0.0,0.42,121.951,0.016,,,,0.22,950.0,2.07,,,
330,000330000,,,,,,,,,,,,,,,,,0.17,78.75,0.35
331,000330001,78.0,0.19,51.3,337.5,0.0075,0.09,0.0,0.42,60.976,0.069,,,,0.22,950.0,2.07,,,
332,000330002,78.0,0.19,51.3,337.5,0.0075,0.09,0.0,0.42,91.463,0.027,,,,0.22,950.0,2.07,,,
333,000330003,78.0,0.19,51.3,337.5,0.0075,0.09,0.0,0.42,60.976,0.072,,,,0.22,950.0,2.07,,,
334,000330004,78.0,0.19,51.3,337.5,0.0075,0.09,0.0,0.42,91.463,0.026,,,,0.22,950.0,2.07,,,
335,000330005,78.0,0.19,51.3,337.5,0.0075,0.09,0.0,0.42,24.39,0.122,,,,0.22,950.0,2.07,,,
336,000340000,,,,,,,,,,,,,,,,,0.17,78.75,0.35
337,000340001,78.0,0.19,51.3,337.5,0.0075,0.09,0.0,0.42,121.951,0.016,,,,0.22,950.0,2.07,,,
338,000340002,78.0,0.19,51.3,337.5,0.0075,0.09,0.0,0.42,91.463,0.023,,,,0.22,950.0,2.07,,,
339,000340003,78.0,0.19,51.3,337.5,0.0075,0.09,0.0,0.42,60.976,0.068,,,,0.22,950.0,2.07,,,
340,000350000,,,,,,,,,,,,,,,,,0.17,78.75,0.35
341,000350001,78.0,0.19,51.3,337.5,0.0075,0.09,0.0,0.42,91.463,0.025,,,,0.22,950.0,2.07,,,
342,000350002,78.0,0.19,51.3,337.5,0.0075,0.09,0.0,0.42,60.976,0.072,,,,0.22,950.0,2.07,,,
343,000350003,78.0,0.19,51.3,337.5,0.0075,0.09,0.0,0.42,24.39,0.121,,,,0.22,950.0,2.07,,,
344,000350004,78.0,0.19,51.3,337.5,0.0075,0.09,0.0,0.42,91.463,0.024,,,,0.22,950.0,2.07,,,
345,000350005,78.0,0.19,51.3,337.5,0.0075,0.09,0.0,0.42,60.976,0.067,,,,0.22,950.0,2.07,,,
346,000360000,,,,,,,,,,,,,,,,,0.17,78.75,0.35
347,000360001,78.0,0.19,51.3,337.5,0.0075,0.09,0.0,0.42,60.976,0.068,,,,0.22,950.0,2.07,,,
348,000360002,78.0,0.19,51.3,337.5,0.0075,0.09,0.0,0.42,121.951,0.018,,,,0.22,950.0,2.07,,,
349,000370000,,,,,,,,,,,,,,,,,0.17,78.75,0.35
350,000370001,78.0,0.19,51.3,337.5,0.0075,0.09,0.0,0.42,60.976,0.07,,,,0.22,950.0,2.07,,,
351,000370002,78.0,0.19,51.3,337.5,0.0075,0.09,0.0,0.42,91.463,0.027,,,,0.22,950.0,2.07,,,
352,000370003,78.0,0.19,51.3,337.5,0.0075,0.09,0.0,0.42,91.463,0.025,,,,0.22,950.0,2.07,,,
353,000370004,78.0,0.19,51.3,337.5,0.0075,0.09,0.0,0.42,60.976,0.068,,,,0.22,950.0,2.07,,,
354,000380000,,,,,,,,,,,,,,,,,0.17,78.75,0.35
355,000380001,78.0,0.19,51.3,337.5,0.0075,0.09,0.0,0.42,60.976,0.117,,,,0.22,950.0,2.07,,,
356,000380002,78.0,0.19,51.3,337.5,0.0075,0.09,0.0,0.42,60.976,0.072,,,,0.22,950.0,2.07,,,
357,000380003,78.0,0.19,51.3,337.5,0.0075,0.09,0.0,0.42,91.463,0.026,,,,0.22,950.0,2.07,,,
358,000390000,,,,,,,,,,,,,,,,,0.17,78.75,0.35
359,000390001,78.0,0.19,51.3,337.5,0.0075,0.09,0.0,0.42,121.951,0.017,,,,0.22,950.0,2.07,,,
360,000390002,78.0,0.19,51.3,337.5,0.0075,0.09,0.0,0.42,60.976,0.065,,,,0.22,950.0,2.07,,,
361,000400000,,,,,,,,,,,,,,,,,0.17,78.75,0.35
362,000400001,78.0,0.19,51.3,337.5,0.0075,0.09,0.0,0.42,121.951,0.013,,,,0.22,950.0,2.07,,,
363,000400002,78.0,0.19,51.3,337.5,0.0075,0.09,0.0,0.42,121.951,0.017,,,,0.22,950.0,2.07,,,
364,000410000,,,,,,,,,,,,,,,,,0.17,78.75,0.35
365,000410001,78.0,0.19,51.3,337.5,0.0075,0.09,0.0,0.42,60.976,0.118,,,,0.22,950.0,2.07,,,
366,000410002,78.0,0.19,51.3,337.5,0.0075,0.09,0.0,0.42,60.976,0.072,,,,0.22,950.0,2.07,,,
367,000410003,78.0,0.19,51.3,337.5,0.0075,0.09,0.0,0.42,91.463,0.025,,,,0.22,950.0,2.07,,,
368,000420000,,,,,,,,,,,,,,,,,0.17,78.75,0.35
369,000420001,78.0,0.19,51.3,337.5,0.0075,0.09,0.0,0.42,121.951,0.02,,,,0.22,950.0,2.07,,,
370,000420002,78.0,0.19,51.3,337.5,0.0075,0.09,0.0,0.42,60.976,0.069,,,,0.22,950.0,2.07,,,
371,000430000,,,,,,,,,,,,,,,,,0.17,78.75,0.35
372,000430001,78.0,0.19,51.3,337.5,0.0075,0.09,0.0,0.42,60.976,0.073,,,,0.22,950.0,2.07,,,
373,000430002,78.0,0.19,51.3,337.5,0.0075,0.09,0.0,0.42,24.39,0.123,,,,0.22,950.0,2.07,,,
374,000430003,78.0,0.19,51.3,337.5,0.0075,0.09,0.0,0.42,91.463,0.026,,,,0.22,950.0,2.07,,,
375,000430004,78.0,0.19,51.3,337.5,0.0075,0.09,0.0,0.42,15.244,0.248,,,,0.22,950.0,2.07,,,
376,000430005,78.0,0.19,51.3,337.5,0.0075,0.09,0.0,0.42,9.146,0.374,,,,0.22,950.0,2.07,,,
377,000430006,78.0,0.19,51.3,337.5,0.0075,0.09,0.0,0.42,24.39,0.121,,,,0.22,950.0,2.07,,,
378,000430007,78.0,0.19,51.3,337.5,0.0075,0.09,0.0,0.42,60.976,0.074,,,,0.22,950.0,2.07,,,
379,000430008,78.0,0.19,51.3,337.5,0.0075,0.09,0.0,0.42,91.463,0.024,,,,0.22,950.0,2.07,,,
380,000430009,78.0,0.19,51.3,337.5,0.0075,0.09,0.0,0.42,15.244,0.248,,,,0.22,950.0,2.07,,,
381,000430010,78.0,0.19,51.3,337.5,0.0075,0.09,0.0,0.42,9.146,0.364,,,,0.22,950.0,2.07,,,
382,000430011,78.0,0.19,51.3,337.5,0.0075,0.09,0.0,0.42,121.951,0.0,,,,0.22,950.0,2.07,,,
383,000430012,78.0,0.19,51.3,337.5,0.0075,0.09,0.0,0.42,121.951,0.0,,,,0.22,950.0,2.07,,,
384,000430013,78.0,0.19,51.3,337.5,0.0075,0.09,0.0,0.42,60.976,0.071,,,,0.22,950.0,2.07,,,
385,000430014,78.0,0.19,51.3,337.5,0.0075,0.09,0.0,0.42,91.463,0.022,,,,0.22,950.0,2.07,,,
386,000430015,78.0,0.19,51.3,337.5,0.0075,0.09,0.0,0.42,24.39,0.121,,,,0.22,950.0,2.07,,,
387,000430016,78.0,0.19,51.3,337.5,0.0075,0.09,0.0,0.42,15.244,0.244,,,,0.22,950.0,2.07,,,
388,000430017,78.0,0.19,51.3,337.5,0.0075,0.09,0.0,0.42,9.146,0.366,,,,0.22,950.0,2.07,,,
389,000430018,78.0,0.19,51.3,337.5,0.0075,0.09,0.0,0.42,60.976,0.068,,,,0.22,950.0,2.07,,,
390,000430019,78.0,0.19,51.3,337.5,0.0075,0.09,0.0,0.42,121.951,0.02,,,,0.22,950.0,2.07,,,
391,000430020,78.0,0.19,51.3,337.5,0.0075,0.09,0.0,0.42,121.951,0.01,,,,0.22,950.0,2.07,,,
392,000430021,78.0,0.19,51.3,337.5,0.0075,0.09,0.0,0.42,60.976,0.073,,,,0.22,950.0,2.07,,,
393,000430022,78.0,0.19,51.3,337.5,0.0075,0.09,0.0,0.42,24.39,0.122,,,,0.22,950.0,2.07,,,
394,000430023,78.0,0.19,51.3,337.5,0.0075,0.09,0.0,0.42,15.244,0.245,,,,0.22,950.0,2.07,,,
395,000430024,78.0,0.19,51.3,337.5,0.0075,0.09,0.0,0.42,60.976,0.072,,,,0.22,950.0,2.07,,,
396,000430025,78.0,0.19,51.3,337.5,0.0075,0.09,0.0,0.42,121.951,0.005,,,,0.22,950.0,2.07,,,
397,000440000,,,,,,,,,,,,,,,,,0.17,78.75,0.35
398,000440001,78.0,0.19,51.3,337.5,0.0075,0.09,0.0,0.42,91.463,0.023,,,,0.22,950.0,2.07,,,
399,000440002,78.0,0.19,51.3,337.5,0.0075,0.09,0.0,0.42,60.976,0.071,,,,0.22,950.0,2.07,,,
400,000440003,78.0,0.19,51.3,337.5,0.0075,0.09,0.0,0.42,60.976,0.118,,,,0.22,950.0,2.07,,,
401,000440004,78.0,0.19,51.3,337.5,0.0075,0.09,0.0,0.42,91.463,0.023,,,,0.22,950.0,2.07,,,
402,000440005,78.0,0.19,51.3,337.5,0.0075,0.09,0.0,0.42,60.976,0.069,,,,0.22,950.0,2.07,,,
403,000440006,78.0,0.19,51.3,337.5,0.0075,0.09,0.0,0.42,91.463,0.025,,,,0.22,950.0,2.07,,,
404,000440007,78.0,0.19,51.3,337.5,0.0075,0.09,0.0,0.42,60.976,0.073,,,,0.22,950.0,2.07,,,
405,000440008,78.0,0.19,51.3,337.5,0.0075,0.09,0.0,0.42,15.244,0.242,,,,0.22,950.0,2.07,,,
406,000440009,78.0,0.19,51.3,337.5,0.0075,0.09,0.0,0.42,24.39,0.121,,,,0.22,950.0,2.07,,,
407,000440010,78.0,0.19,51.3,337.5,0.0075,0.09,0.0,0.42,24.39,0.122,,,,0.22,950.0,2.07,,,
408,000440011,78.0,0.19,51.3,337.5,0.0075,0.09,0.0,0.42,91.463,0.024,,,,0.22,950.0,2.07,,,
409,000440012,78.0,0.19,51.3,337.5,0.0075,0.09,0.0,0.42,60.976,0.073,,,,0.22,950.0,2.07,,,
410,000440013,78.0,0.19,51.3,337.5,0.0075,0.09,0.0,0.42,9.146,0.381,,,,0.22,950.0,2.07,,,
411,000440014,78.0,0.19,51.3,337.5,0.0075,0.09,0.0,0.42,15.244,0.243,,,,0.22,950.0,2.07,,,
412,000440015,78.0,0.19,51.3,337.5,0.0075,0.09,0.0,0.42,18.293,0.173,,,,0.22,950.0,2.07,,,
413,000440016,78.0,0.19,51.3,337.5,0.0075,0.09,0.0,0.42,60.976,0.075,,,,0.22,950.0,2.07,,,
414,000440017,78.0,0.19,51.3,337.5,0.0075,0.09,0.0,0.42,24.39,0.122,,,,0.22,950.0,2.07,,,
415,000440018,78.0,0.19,51.3,337.5,0.0075,0.09,0.0,0.42,91.463,0.024,,,,0.22,950.0,2.07,,,
416,000440019,78.0,0.19,51.3,337.5,0.0075,0.09,0.0,0.42,9.146,0.38,,,,0.22,950.0,2.07,,,
417,000440020,78.0,0.19,51.3,337.5,0.0075,0.09,0.0,0.42,18.293,0.174,,,,0.22,950.0,2.07,,,
418,000440021,78.0,0.19,51.3,337.5,0.0075,0.09,0.0,0.42,91.463,0.024,,,,0.22,950.0,2.07,,,
419,000440022,78.0,0.19,51.3,337.5,0.0075,0.09,0.0,0.42,24.39,0.123,,,,0.22,950.0,2.07,,,
420,000440023,78.0,0.19,51.3,337.5,0.0075,0.09,0.0,0.42,60.976,0.074,,,,0.22,950.0,2.07,,,
421,000440024,78.0,0.19,51.3,337.5,0.0075,0.09,0.0,0.42,15.244,0.245,,,,0.22,950.0,2.07,,,
422,000450000,,,,,,,,,,,,,,,,,0.17,78.75,0.35
423,000450001,78.0,0.19,51.3,337.5,0.0075,0.09,0.0,0.42,121.951,0.0,,,,0.22,950.0,2.07,,,
424,000450002,78.0,0.19,51.3,337.5,0.0075,0.09,0.0,0.42,121.951,0.012,,,,0.22,950.0,2.07,,,
425,000450003,78.0,0.19,51.3,337.5,0.0075,0.09,0.0,0.42,60.976,0.072,,,,0.22,950.0,2.07,,,
426,000450004,78.0,0.19,51.3,337.5,0.0075,0.09,0.0,0.42,24.39,0.123,,,,0.22,950.0,2.07,,,
427,000450005,78.0,0.19,51.3,337.5,0.0075,0.09,0.0,0.42,121.951,0.008,,,,0.22,950.0,2.07,,,
428,000450006,78.0,0.19,51.3,337.5,0.0075,0.09,0.0,0.42,60.976,0.068,,,,0.22,950.0,2.07,,,
429,000450007,78.0,0.19,51.3,337.5,0.0075,0.09,0.0,0.42,91.463,0.031,,,,0.22,950.0,2.07,,,
430,000460000,,,,,,,,,,,,,,,,,0.17,78.75,0.35
431,000460001,78.0,0.19,51.3,337.5,0.0075,0.09,0.0,0.42,24.39,0.121,,,,0.22,950.0,2.07,,,
432,000460002,78.0,0.19,51.3,337.5,0.0075,0.09,0.0,0.42,60.976,0.072,,,,0.22,950.0,2.07,,,
433,000460003,78.0,0.19,51.3,337.5,0.0075,0.09,0.0,0.42,91.463,0.024,,,,0.22,950.0,2.07,,,
434,000470000,,,,,,,,,,,,,,,,,0.17,78.75,0.35
435,000470001,78.0,0.19,51.3,337.5,0.0075,0.09,0.0,0.42,91.463,0.021,,,,0.22,950.0,2.07,,,
436,000470002,78.0,0.19,51.3,337.5,0.0075,0.09,0.0,0.42,60.976,0.072,,,,0.22,950.0,2.07,,,
437,000470003,78.0,0.19,51.3,337.5,0.0075,0.09,0.0,0.42,60.976,0.119,,,,0.22,950.0,2.07,,,
438,000470004,78.0,0.19,51.3,337.5,0.0075,0.09,0.0,0.42,15.244,0.239,,,,0.22,950.0,2.07,,,
439,000470005,78.0,0.19,51.3,337.5,0.0075,0.09,0.0,0.42,24.39,0.122,,,,0.22,950.0,2.07,,,
440,000470006,78.0,0.19,51.3,337.5,0.0075,0.09,0.0,0.42,91.463,0.021,,,,0.22,950.0,2.07,,,
441,000470007,78.0,0.19,51.3,337.5,0.0075,0.09,0.0,0.42,60.976,0.073,,,,0.22,950.0,2.07,,,
442,000480000,,,,,,,,,,,,,,,,,0.17,78.75,0.35
443,000480001,78.0,0.19,51.3,337.5,0.0075,0.09,0.0,0.42,60.976,0.067,,,,0.22,950.0,2.07,,,
444,000480002,78.0,0.19,51.3,337.5,0.0075,0.09,0.0,0.42,91.463,0.022,,,,0.22,950.0,2.07,,,
445,000480003,78.0,0.19,51.3,337.5,0.0075,0.09,0.0,0.42,60.976,0.07,,,,0.22,950.0,2.07,,,
446,000480004,78.0,0.19,51.3,337.5,0.0075,0.09,0.0,0.42,91.463,0.024,,,,0.22,950.0,2.07,,,
447,000490000,,,,,,,,,,,,,,,,,0.17,78.75,0.35
448,000490001,78.0,0.19,51.3,337.5,0.0075,0.09,0.0,0.42,60.976,0.072,,,,0.22,950.0,2.07,,,
449,000490002,78.0,0.19,51.3,337.5,0.0075,0.09,0.0,0.42,91.463,0.025,,,,0.22,950.0,2.07,,,
450,000490003,78.0,0.19,51.3,337.5,0.0075,0.09,0.0,0.42,60.976,0.119,,,,0.22,950.0,2.07,,,
451,000490004,78.0,0.19,51.3,337.5,0.0075,0.09,0.0,0.42,60.976,0.071,,,,0.22,950.0,2.07,,,
452,000490005,78.0,0.19,51.3,337.5,0.0075,0.09,0.0,0.42,91.463,0.025,,,,0.22,950.0,2.07,,,
453,000490006,78.0,0.19,51.3,337.5,0.0075,0.09,0.0,0.42,15.244,0.245,,,,0.22,950.0,2.07,,,
454,000490007,78.0,0.19,51.3,337.5,0.0075,0.09,0.0,0.42,24.39,0.122,,,,0.22,950.0,2.07,,,
455,000490008,78.0,0.19,51.3,337.5,0.0075,0.09,0.0,0.42,91.463,0.027,,,,0.22,950.0,2.07,,,
456,000490009,78.0,0.19,51.3,337.5,0.0075,0.09,0.0,0.42,60.976,0.072,,,,0.22,950.0,2.07,,,
457,000490010,78.0,0.19,51.3,337.5,0.0075,0.09,0.0,0.42,60.976,0.119,,,,0.22,950.0,2.07,,,
458,000500000,,,,,,,,,,,,,,,,,0.17,78.75,0.35
459,000500001,78.0,0.19,51.3,337.5,0.0075,0.09,0.0,0.42,60.976,0.072,,,,0.22,950.0,2.07,,,
460,000500002,78.0,0.19,51.3,337.5,0.0075,0.09,0.0,0.42,60.976,0.118,,,,0.22,950.0,2.07,,,
461,000500003,78.0,0.19,51.3,337.5,0.0075,0.09,0.0,0.42,91.463,0.027,,,,0.22,950.0,2.07,,,
462,000500004,78.0,0.19,51.3,337.5,0.0075,0.09,0.0,0.42,60.976,0.071,,,,0.22,950.0,2.07,,,
463,000500005,78.0,0.19,51.3,337.5,0.0075,0.09,0.0,0.42,91.463,0.025,,,,0.22,950.0,2.07,,,
464,000500006,78.0,0.19,51.3,337.5,0.0075,0.09,0.0,0.42,60.976,0.118,,,,0.22,950.0,2.07,,,
465,000500007,78.0,0.19,51.3,337.5,0.0075,0.09,0.0,0.42,60.976,0.07,,,,0.22,950.0,2.07,,,
466,000500008,78.0,0.19,51.3,337.5,0.0075,0.09,0.0,0.42,91.463,0.024,,,,0.22,950.0,2.07,,,
467,000500009,78.0,0.19,51.3,337.5,0.0075,0.09,0.0,0.42,60.976,0.118,,,,0.22,950.0,2.07,,,
468,000500010,78.0,0.19,51.3,337.5,0.0075,0.09,0.0,0.42,91.463,0.023,,,,0.22,950.0,2.07,,,
469,000500011,78.0,0.19,51.3,337.5,0.0075,0.09,0.0,0.42,60.976,0.073,,,,0.22,950.0,2.07,,,
470,000500012,78.0,0.19,51.3,337.5,0.0075,0.09,0.0,0.42,24.39,0.122,,,,0.22,950.0,2.07,,,
471,000500013,78.0,0.19,51.3,337.5,0.0075,0.09,0.0,0.42,18.293,0.173,,,,0.22,950.0,2.07,,,
472,000500014,78.0,0.19,51.3,337.5,0.0075,0.09,0.0,0.42,15.244,0.243,,,,0.22,950.0,2.07,,,
473,000510000,,,,,,,,,,,,,,,,,0.17,78.75,0.35
474,000510001,78.0,0.19,51.3,337.5,0.0075,0.09,0.0,0.42,60.976,0.069,,,,0.22,950.0,2.07,,,
475,000510002,78.0,0.19,51.3,337.5,0.0075,0.09,0.0,0.42,91.463,0.024,,,,0.22,950.0,2.07,,,
476,000510003,78.0,0.19,51.3,337.5,0.0075,0.09,0.0,0.42,60.976,0.117,,,,0.22,950.0,2.07,,,
477,000510004,78.0,0.19,51.3,337.5,0.0075,0.09,0.0,0.42,60.976,0.072,,,,0.22,950.0,2.07,,,
478,000510005,78.0,0.19,51.3,337.5,0.0075,0.09,0.0,0.42,91.463,0.027,,,,0.22,950.0,2.07,,,
479,000520000,,,,,,,,,,,,,,,,,0.17,78.75,0.35
480,000520001,78.0,0.19,51.3,337.5,0.0075,0.09,0.0,0.42,60.976,0.07,,,,0.22,950.0,2.07,,,
481,000520002,78.0,0.19,51.3,337.5,0.0075,0.09,0.0,0.42,91.463,0.024,,,,0.22,950.0,2.07,,,
482,000530000,,,,,,,,,,,,,,,,,0.17,78.75,0.35
483,000530001,78.0,0.19,51.3,337.5,0.0075,0.09,0.0,0.42,60.976,0.067,,,,0.22,950.0,2.07,,,
484,000530002,78.0,0.19,51.3,337.5,0.0075,0.09,0.0,0.42,91.463,0.024,,,,0.22,950.0,2.07,,,
485,000530003,78.0,0.19,51.3,337.5,0.0075,0.09,0.0,0.42,60.976,0.069,,,,0.22,950.0,2.07,,,
486,000530004,78.0,0.19,51.3,337.5,0.0075,0.09,0.0,0.42,91.463,0.023,,,,0.22,950.0,2.07,,,
487,000540000,,,,,,,,,,,,,,,,,0.17,78.75,0.35
488,000540001,78.0,0.19,51.3,337.5,0.0075,0.09,0.0,0.42,91.463,0.025,,,,0.22,950.0,2.07,,,
489,000540002,78.0,0.19,51.3,337.5,0.0075,0.09,0.0,0.42,60.976,0.068,,,,0.22,950.0,2.07,,,
490,000550000,,,,,,,,,,,,,,,,,0.17,78.75,0.35
491,000550001,78.0,0.19,51.3,337.5,0.0075,0.09,0.0,0.42,60.976,0.073,,,,0.22,950.0,2.07,,,
492,000550002,78.0,0.19,51.3,337.5,0.0075,0.09,0.0,0.42,91.463,0.023,,,,0.22,950.0,2.07,,,
493,000550003,78.0,0.19,51.3,337.5,0.0075,0.09,0.0,0.42,24.39,0.121,,,,0.22,950.0,2.07,,,
494,000550004,78.0,0.19,51.3,337.5,0.0075,0.09,0.0,0.42,15.244,0.244,,,,0.22,950.0,2.07,,,
495,000550005,78.0,0.19,51.3,337.5,0.0075,0.09,0.0,0.42,15.244,0.244,,,,0.22,950.0,2.07,,,
496,000550006,78.0,0.19,51.3,337.5,0.0075,0.09,0.0,0.42,60.976,0.073,,,,0.22,950.0,2.07,,,
497,000550007,78.0,0.19,51.3,337.5,0.0075,0.09,0.0,0.42,9.146,0.384,,,,0.22,950.0,2.07,,,
498,000550008,78.0,0.19,51.3,337.5,0.0075,0.09,0.0,0.42,24.39,0.121,,,,0.22,950.0,2.07,,,
499,000550009,78.0,0.19,51.3,337.5,0.0075,0.09,0.0,0.42,91.463,0.024,,,,0.22,950.0,2.07,,,
500,000560000,,,,,,,,,,,,,,,,,0.17,78.75,0.35
501,000560001,78.0,0.19,51.3,337.5,0.0075,0.09,0.0,0.42,60.976,0.077,,,,0.22,950.0,2.07,,,
502,000560002,78.0,0.19,51.3,337.5,0.0075,0.09,0.0,0.42,24.39,0.123,,,,0.22,950.0,2.07,,,
503,000560003,78.0,0.19,51.3,337.5,0.0075,0.09,0.0,0.42,18.293,0.17,,,,0.22,950.0,2.07,,,
504,000560004,78.0,0.19,51.3,337.5,0.0075,0.09,0.0,0.42,15.244,0.249,,,,0.22,950.0,2.07,,,
505,000560005,78.0,0.19,51.3,337.5,0.0075,0.09,0.0,0.42,9.146,0.382,,,,0.22,950.0,2.07,,,
506,000570000,,,,,,,,,,,,,,,,,0.17,78.75,0.35
507,000570001,78.0,0.19,51.3,337.5,0.0075,0.09,0.0,0.42,60.976,0.071,,,,0.22,950.0,2.07,,,
508,000570002,78.0,0.19,51.3,337.5,0.0075,0.09,0.0,0.42,91.463,0.025,,,,0.22,950.0,2.07,,,
509,000570003,78.0,0.19,51.3,337.5,0.0075,0.09,0.0,0.42,9.146,0.251,,,,0.22,950.0,2.07,,,
510,000570004,78.0,0.19,51.3,337.5,0.0075,0.09,0.0,0.42,9.146,0.389,,,,0.22,950.0,2.07,,,
511,000570005,78.0,0.19,51.3,337.5,0.0075,0.09,0.0,0.42,91.463,0.025,,,,0.22,950.0,2.07,,,
512,000570006,78.0,0.19,51.3,337.5,0.0075,0.09,0.0,0.42,60.976,0.069,,,,0.22,950.0,2.07,,,
513,000570007,78.0,0.19,51.3,337.5,0.0075,0.09,0.0,0.42,91.463,0.025,,,,0.22,950.0,2.07,,,
514,000570008,78.0,0.19,51.3,337.5,0.0075,0.09,0.0,0.42,60.976,0.072,,,,0.22,950.0,2.07,,,
515,000570009,78.0,0.19,51.3,337.5,0.0075,0.09,0.0,0.42,24.39,0.12,,,,0.22,950.0,2.07,,,
516,000570010,78.0,0.19,51.3,337.5,0.0075,0.09,0.0,0.42,9.146,0.378,,,,0.22,950.0,2.07,,,
517,000570011,78.0,0.19,51.3,337.5,0.0075,0.09,0.0,0.42,60.976,0.07,,,,0.22,950.0,2.07,,,
518,000570012,78.0,0.19,51.3,337.5,0.0075,0.09,0.0,0.42,91.463,0.024,,,,0.22,950.0,2.07,,,
519,000580000,,,,,,,,,,,,,,,,,0.17,78.75,0.35
520,000580001,78.0,0.19,51.3,337.5,0.0075,0.09,0.0,0.42,91.463,0.024,,,,0.22,950.0,2.07,,,
521,000580002,78.0,0.19,51.3,337.5,0.0075,0.09,0.0,0.42,60.976,0.076,,,,0.22,950.0,2.07,,,
522,000580003,78.0,0.19,51.3,337.5,0.0075,0.09,0.0,0.42,24.39,0.121,,,,0.22,950.0,2.07,,,
523,000590000,,,,,,,,,,,,,,,,,0.17,78.75,0.35
524,000590001,78.0,0.19,51.3,337.5,0.0075,0.09,0.0,0.42,60.976,0.07,,,,0.22,950.0,2.07,,,
525,000590002,78.0,0.19,51.3,337.5,0.0075,0.09,0.0,0.42,91.463,0.024,,,,0.22,950.0,2.07,,,
526,000600000,,,,,,,,,,,,,,,,,0.17,78.75,0.35
527,000600001,78.0,0.19,51.3,337.5,0.0075,0.09,0.0,0.42,91.463,0.024,,,,0.22,950.0,2.07,,,
528,000600002,78.0,0.19,51.3,337.5,0.0075,0.09,0.0,0.42,60.976,0.074,,,,0.22,950.0,2.07,,,
529,000600003,78.0,0.19,51.3,337.5,0.0075,0.09,0.0,0.42,24.39,0.122,,,,0.22,950.0,2.07,,,
530,000600004,78.0,0.19,51.3,337.5,0.0075,0.09,0.0,0.42,18.293,0.173,,,,0.22,950.0,2.07,,,
531,000600005,78.0,0.19,51.3,337.5,0.0075,0.09,0.0,0.42,15.244,0.242,,,,0.22,950.0,2.07,,,
532,000600006,78.0,0.19,51.3,337.5,0.0075,0.09,0.0,0.42,9.146,0.373,,,,0.22,950.0,2.07,,,
533,000610000,,,,,,,,,,,,,,,,,0.17,78.75,0.35
534,000610001,78.0,0.19,51.3,337.5,0.0075,0.09,0.0,0.42,91.463,0.027,,,,0.22,950.0,2.07,,,
535,000610002,78.0,0.19,51.3,337.5,0.0075,0.09,0.0,0.42,60.976,0.071,,,,0.22,950.0,2.07,,,
536,000610003,78.0,0.19,51.3,337.5,0.0075,0.09,0.0,0.42,60.976,0.119,,,,0.22,950.0,2.07,,,
537,000610004,78.0,0.19,51.3,337.5,0.0075,0.09,0.0,0.42,60.976,0.07,,,,0.22,950.0,2.07,,,
538,000610005,78.0,0.19,51.3,337.5,0.0075,0.09,0.0,0.42,91.463,0.023,,,,0.22,950.0,2.07,,,
539,000610006,78.0,0.19,51.3,337.5,0.0075,0.09,0.0,0.42,60.976,0.12,,,,0.22,950.0,2.07,,,
540,000610007,78.0,0.19,51.3,337.5,0.0075,0.09,0.0,0.42,60.976,0.072,,,,0.22,950.0,2.07,,,
541,000610008,78.0,0.19,51.3,337.5,0.0075,0.09,0.0,0.42,91.463,0.025,,,,0.22,950.0,2.07,,,
542,000610009,78.0,0.19,51.3,337.5,0.0075,0.09,0.0,0.42,24.39,0.122,,,,0.22,950.0,2.07,,,
543,000610010,78.0,0.19,51.3,337.5,0.0075,0.09,0.0,0.42,60.976,0.074,,,,0.22,950.0,2.07,,,
544,000610011,78.0,0.19,51.3,337.5,0.0075,0.09,0.0,0.42,91.463,0.026,,,,0.22,950.0,2.07,,,
545,000610012,78.0,0.19,51.3,337.5,0.0075,0.09,0.0,0.42,60.976,0.118,,,,0.22,950.0,2.07,,,
546,000610013,78.0,0.19,51.3,337.5,0.0075,0.09,0.0,0.42,18.293,0.172,,,,0.22,950.0,2.07,,,
547,000610014,78.0,0.19,51.3,337.5,0.0075,0.09,0.0,0.42,15.244,0.243,,,,0.22,950.0,2.07,,,
548,000610015,78.0,0.19,51.3,337.5,0.0075,0.09,0.0,0.42,15.244,0.233,,,,0.22,950.0,2.07,,,
549,000610016,78.0,0.19,51.3,337.5,0.0075,0.09,0.0,0.42,60.976,0.075,,,,0.22,950.0,2.07,,,
550,000610017,78.0,0.19,51.3,337.5,0.0075,0.09,0.0,0.42,24.39,0.124,,,,0.22,950.0,2.07,,,
551,000610018,78.0,0.19,51.3,337.5,0.0075,0.09,0.0,0.42,18.293,0.171,,,,0.22,950.0,2.07,,,
552,000610019,78.0,0.19,51.3,337.5,0.0075,0.09,0.0,0.42,121.951,0.019,,,,0.22,950.0,2.07,,,
553,000610020,78.0,0.19,51.3,337.5,0.0075,0.09,0.0,0.42,91.463,0.025,,,,0.22,950.0,2.07,,,
554,000610021,78.0,0.19,51.3,337.5,0.0075,0.09,0.0,0.42,60.976,0.068,,,,0.22,950.0,2.07,,,
555,000610022,78.0,0.19,51.3,337.5,0.0075,0.09,0.0,0.42,91.463,0.025,,,,0.22,950.0,2.07,,,
556,000610023,78.0,0.19,51.3,337.5,0.0075,0.09,0.0,0.42,60.976,0.068,,,,0.22,950.0,2.07,,,
557,000610024,78.0,0.19,51.3,337.5,0.0075,0.09,0.0,0.42,60.976,0.071,,,,0.22,950.0,2.07,,,
558,000610025,78.0,0.19,51.3,337.5,0.0075,0.09,0.0,0.42,24.39,0.124,,,,0.22,950.0,2.07,,,
559,000610026,78.0,0.19,51.3,337.5,0.0075,0.09,0.0,0.42,91.463,0.027,,,,0.22,950.0,2.07,,,
560,000620000,,,,,,,,,,,,,,,,,0.17,78.75,0.35
561,000620001,78.0,0.19,51.3,337.5,0.0075,0.09,0.0,0.42,121.951,0.019,,,,0.22,950.0,2.07,,,
562,000620002,78.0,0.19,51.3,337.5,0.0075,0.09,0.0,0.42,60.976,0.073,,,,0.22,950.0,2.07,,,
563,000620003,78.0,0.19,51.3,337.5,0.0075,0.09,0.0,0.42,24.39,0.12,,,,0.22,950.0,2.07,,,
564,000630000,,,,,,,,,,,,,,,,,0.17,78.75,0.35
565,000630001,78.0,0.19,51.3,337.5,0.0075,0.09,0.0,0.42,91.463,0.026,,,,0.22,950.0,2.07,,,
566,000630002,78.0,0.19,51.3,337.5,0.0075,0.09,0.0,0.42,60.976,0.071,,,,0.22,950.0,2.07,,,
567,000630003,78.0,0.19,51.3,337.5,0.0075,0.09,0.0,0.42,60.976,0.118,,,,0.22,950.0,2.07,,,
568,000630004,78.0,0.19,51.3,337.5,0.0075,0.09,0.0,0.42,60.976,0.069,,,,0.22,950.0,2.07,,,
569,000630005,78.0,0.19,51.3,337.5,0.0075,0.09,0.0,0.42,91.463,0.026,,,,0.22,950.0,2.07,,,
570,000640000,,,,,,,,,,,,,,,,,0.17,78.75,0.35
571,000640001,78.0,0.19,51.3,337.5,0.0075,0.09,0.0,0.42,60.976,0.069,,,,0.22,950.0,2.07,,,
572,000640002,78.0,0.19,51.3,337.5,0.0075,0.09,0.0,0.42,91.463,0.024,,,,0.22,950.0,2.07,,,
573,000640003,78.0,0.19,51.3,337.5,0.0075,0.09,0.0,0.42,60.976,0.071,,,,0.22,950.0,2.07,,,
574,000640004,78.0,0.19,51.3,337.5,0.0075,0.09,0.0,0.42,91.463,0.022,,,,0.22,950.0,2.07,,,
575,000640005,78.0,0.19,51.3,337.5,0.0075,0.09,0.0,0.42,24.39,0.123,,,,0.22,950.0,2.07,,,
576,000640006,78.0,0.19,51.3,337.5,0.0075,0.09,0.0,0.42,18.293,0.171,,,,0.22,950.0,2.07,,,
577,000640007,78.0,0.19,51.3,337.5,0.0075,0.09,0.0,0.42,15.244,0.247,,,,0.22,950.0,2.07,,,
578,000640008,78.0,0.19,51.3,337.5,0.0075,0.09,0.0,0.42,24.39,0.121,,,,0.22,950.0,2.07,,,
579,000640009,78.0,0.19,51.3,337.5,0.0075,0.09,0.0,0.42,60.976,0.073,,,,0.22,950.0,2.07,,,
580,000640010,78.0,0.19,51.3,337.5,0.0075,0.09,0.0,0.42,91.463,0.028,,,,0.22,950.0,2.07,,,
581,000640011,78.0,0.19,51.3,337.5,0.0075,0.09,0.0,0.42,121.951,0.017,,,,0.22,950.0,2.07,,,
582,000640012,78.0,0.19,51.3,337.5,0.0075,0.09,0.0,0.42,60.976,0.119,,,,0.22,950.0,2.07,,,
583,000640013,78.0,0.19,51.3,337.5,0.0075,0.09,0.0,0.42,60.976,0.073,,,,0.22,950.0,2.07,,,
584,000650000,,,,,,,,,,,,,,,,,0.17,78.75,0.35
585,000650001,78.0,0.19,51.3,337.5,0.0075,0.09,0.0,0.42,24.39,0.121,,,,0.22,950.0,2.07,,,
586,000650002,78.0,0.19,51.3,337.5,0.0075,0.09,0.0,0.42,91.463,0.021,,,,0.22,950.0,2.07,,,
587,000650003,78.0,0.19,51.3,337.5,0.0075,0.09,0.0,0.42,60.976,0.073,,,,0.22,950.0,2.07,,,
588,000660000,,,,,,,,,,,,,,,,,0.17,78.75,0.35
589,000660001,78.0,0.19,51.3,337.5,0.0075,0.09,0.0,0.42,9.146,0.661,,,,0.22,950.0,2.07,,,
590,000660002,78.0,0.19,51.3,337.5,0.0075,0.09,0.0,0.42,60.976,0.075,,,,0.22,950.0,2.07,,,
591,000660003,78.0,0.19,51.3,337.5,0.0075,0.09,0.0,0.42,15.244,0.229,,,,0.22,950.0,2.07,,,
592,000660004,78.0,0.19,51.3,337.5,0.0075,0.09,0.0,0.42,60.976,0.11,,,,0.22,950.0,2.07,,,
593,000660005,78.0,0.19,51.3,337.5,0.0075,0.09,0.0,0.42,9.146,0.406,,,,0.22,950.0,2.07,,,
594,000660006,78.0,0.19,51.3,337.5,0.0075,0.09,0.0,0.42,121.951,0.009,,,,0.22,950.0,2.07,,,
595,000660007,78.0,0.19,51.3,337.5,0.0075,0.09,0.0,0.42,60.976,0.068,,,,0.22,950.0,2.07,,,
596,000660008,78.0,0.19,51.3,337.5,0.0075,0.09,0.0,0.42,18.293,0.183,,,,0.22,950.0,2.07,,,
597,000670000,,,,,,,,,,,,,,,,,0.17,78.75,0.35
598,000670001,78.0,0.19,51.3,337.5,0.0075,0.09,0.0,0.42,24.39,0.12,,,,0.22,950.0,2.07,,,
599,000670002,78.0,0.19,51.3,337.5,0.0075,0.09,0.0,0.42,121.951,0.016,,,,0.22,950.0,2.07,,,
600,000670003,78.0,0.19,51.3,337.5,0.0075,0.09,0.0,0.42,60.976,0.073,,,,0.22,950.0,2.07,,,
601,000670004,78.0,0.19,51.3,337.5,0.0075,0.09,0.0,0.42,60.976,0.118,,,,0.22,950.0,2.07,,,
602,000670005,78.0,0.19,51.3,337.5,0.0075,0.09,0.0,0.42,60.976,0.072,,,,0.22,950.0,2.07,,,
603,000670006,78.0,0.19,51.3,337.5,0.0075,0.09,0.0,0.42,91.463,0.026,,,,0.22,950.0,2.07,,,
604,000670007,78.0,0.19,51.3,337.5,0.0075,0.09,0.0,0.42,121.951,0.006,,,,0.22,950.0,2.07,,,
605,000670008,78.0,0.19,51.3,337.5,0.0075,0.09,0.0,0.42,60.976,0.074,,,,0.22,950.0,2.07,,,
606,000670009,78.0,0.19,51.3,337.5,0.0075,0.09,0.0,0.42,121.951,0.0,,,,0.22,950.0,2.07,,,
607,000680000,,,,,,,,,,,,,,,,,0.17,78.75,0.35
608,000680001,78.0,0.19,51.3,337.5,0.0075,0.09,0.0,0.42,91.463,0.024,,,,0.22,950.0,2.07,,,
609,000680002,78.0,0.19,51.3,337.5,0.0075,0.09,0.0,0.42,60.976,0.074,,,,0.22,950.0,2.07,,,
610,000680003,78.0,0.19,51.3,337.5,0.0075,0.09,0.0,0.42,24.39,0.122,,,,0.22,950.0,2.07,,,
611,000680004,78.0,0.19,51.3,337.5,0.0075,0.09,0.0,0.42,15.244,0.245,,,,0.22,950.0,2.07,,,
612,000690000,,,,,,,,,,,,,,,,,0.17,78.75,0.35
613,000690001,78.0,0.19,51.3,337.5,0.0075,0.09,0.0,0.42,60.976,0.119,,,,0.22,950.0,2.07,,,
614,000690002,78.0,0.19,51.3,337.5,0.0075,0.09,0.0,0.42,91.463,0.023,,,,0.22,950.0,2.07,,,
615,000690003,78.0,0.19,51.3,337.5,0.0075,0.09,0.0,0.42,60.976,0.071,,,,0.22,950.0,2.07,,,
616,000690004,78.0,0.19,51.3,337.5,0.0075,0.09,0.0,0.42,60.976,0.066,,,,0.22,950.0,2.07,,,
617,000690005,78.0,0.19,51.3,337.5,0.0075,0.09,0.0,0.42,91.463,0.02,,,,0.22,950.0,2.07,,,
618,000700000,,,,,,,,,,,,,,,,,0.17,78.75,0.35
619,000700001,78.0,0.19,51.3,337.5,0.0075,0.09,0.0,0.42,60.976,0.075,,,,0.22,950.0,2.07,,,
620,000700002,78.0,0.19,51.3,337.5,0.0075,0.09,0.0,0.42,24.39,0.125,,,,0.22,950.0,2.07,,,
621,000700003,78.0,0.19,51.3,337.5,0.0075,0.09,0.0,0.42,18.293,0.17,,,,0.22,950.0,2.07,,,
622,000700004,78.0,0.19,51.3,337.5,0.0075,0.09,0.0,0.42,9.146,0.359,,,,0.22,950.0,2.07,,,
623,000700005,78.0,0.19,51.3,337.5,0.0075,0.09,0.0,0.42,15.244,0.229,,,,0.22,950.0,2.07,,,
624,000710000,,,,,,,,,,,,,,,,,0.17,78.75,0.35
625,000710001,78.0,0.19,51.3,337.5,0.0075,0.09,0.0,0.42,18.293,0.172,,,,0.22,950.0,2.07,,,
626,000710002,78.0,0.19,51.3,337.5,0.0075,0.09,0.0,0.42,24.39,0.122,,,,0.22,950.0,2.07,,,
627,000710003,78.0,0.19,51.3,337.5,0.0075,0.09,0.0,0.42,60.976,0.076,,,,0.22,950.0,2.07,,,
628,000710004,78.0,0.19,51.3,337.5,0.0075,0.09,0.0,0.42,15.244,0.239,,,,0.22,950.0,2.07,,,
629,000710005,78.0,0.19,51.3,337.5,0.0075,0.09,0.0,0.42,121.951,0.019,,,,0.22,950.0,2.07,,,
630,000720000,,,,,,,,,,,,,,,,,0.17,78.75,0.35
631,000720001,78.0,0.19,51.3,337.5,0.0075,0.09,0.0,0.42,24.39,0.123,,,,0.22,950.0,2.07,,,
632,000720002,78.0,0.19,51.3,337.5,0.0075,0.09,0.0,0.42,121.951,0.016,,,,0.22,950.0,2.07,,,
633,000720003,78.0,0.19,51.3,337.5,0.0075,0.09,0.0,0.42,60.976,0.071,,,,0.22,950.0,2.07,,,
634,000720004,78.0,0.19,51.3,337.5,0.0075,0.09,0.0,0.42,60.976,0.068,,,,0.22,950.0,2.07,,,
635,000720005,78.0,0.19,51.3,337.5,0.0075,0.09,0.0,0.42,121.951,0.013,,,,0.22,950.0,2.07,,,
636,000720006,78.0,0.19,51.3,337.5,0.0075,0.09,0.0,0.42,121.951,0.013,,,,0.22,950.0,2.07,,,
637,000720007,78.0,0.19,51.3,337.5,0.0075,0.09,0.0,0.42,60.976,0.069,,,,0.22,950.0,2.07,,,
638,000720008,78.0,0.19,51.3,337.5,0.0075,0.09,0.0,0.42,18.293,0.175,,,,0.22,950.0,2.07,,,
639,000720009,78.0,0.19,51.3,337.5,0.0075,0.09,0.0,0.42,9.146,0.251,,,,0.22,950.0,2.07,,,
640,000720010,78.0,0.19,51.3,337.5,0.0075,0.09,0.0,0.42,9.146,0.376,,,,0.22,950.0,2.07,,,
641,000720011,78.0,0.19,51.3,337.5,0.0075,0.09,0.0,0.42,91.463,0.02,,,,0.22,950.0,2.07,,,
642,000730000,,,,,,,,,,,,,,,,,0.17,78.75,0.35
643,000730001,78.0,0.19,51.3,337.5,0.0075,0.09,0.0,0.42,121.951,0.006,,,,0.22,950.0,2.07,,,
644,000730002,78.0,0.19,51.3,337.5,0.0075,0.09,0.0,0.42,121.951,0.018,,,,0.22,950.0,2.07,,,
645,000730003,78.0,0.19,51.3,337.5,0.0075,0.09,0.0,0.42,60.976,0.072,,,,0.22,950.0,2.07,,,
646,000730004,78.0,0.19,51.3,337.5,0.0075,0.09,0.0,0.42,24.39,0.127,,,,0.22,950.0,2.07,,,
647,000730005,78.0,0.19,51.3,337.5,0.0075,0.09,0.0,0.42,15.244,0.25,,,,0.22,950.0,2.07,,,
648,000730006,78.0,0.19,51.3,337.5,0.0075,0.09,0.0,0.42,9.146,0.356,,,,0.22,950.0,2.07,,,
649,000730007,78.0,0.19,51.3,337.5,0.0075,0.09,0.0,0.42,9.146,0.384,,,,0.22,950.0,2.07,,,
650,000730008,78.0,0.19,51.3,337.5,0.0075,0.09,0.0,0.42,9.146,0.253,,,,0.22,950.0,2.07,,,
651,000730009,78.0,0.19,51.3,337.5,0.0075,0.09,0.0,0.42,24.39,0.126,,,,0.22,950.0,2.07,,,
652,000730010,78.0,0.19,51.3,337.5,0.0075,0.09,0.0,0.42,60.976,0.078,,,,0.22,950.0,2.07,,,
653,000740000,,,,,,,,,,,,,,,,,0.17,78.75,0.35
654,000740001,78.0,0.19,51.3,337.5,0.0075,0.09,0.0,0.42,24.39,0.122,,,,0.22,950.0,2.07,,,
655,000740002,78.0,0.19,51.3,337.5,0.0075,0.09,0.0,0.42,91.463,0.023,,,,0.22,950.0,2.07,,,
656,000740003,78.0,0.19,51.3,337.5,0.0075,0.09,0.0,0.42,60.976,0.074,,,,0.22,950.0,2.07,,,
657,000740004,78.0,0.19,51.3,337.5,0.0075,0.09,0.0,0.42,15.244,0.245,,,,0.22,950.0,2.07,,,
658,000740005,78.0,0.19,51.3,337.5,0.0075,0.09,0.0,0.42,9.146,0.383,,,,0.22,950.0,2.07,,,
659,000740006,78.0,0.19,51.3,337.5,0.0075,0.09,0.0,0.42,121.951,0.018,,,,0.22,950.0,2.07,,,
660,000740007,78.0,0.19,51.3,337.5,0.0075,0.09,0.0,0.42,60.976,0.071,,,,0.22,950.0,2.07,,,
661,000740008,78.0,0.19,51.3,337.5,0.0075,0.09,0.0,0.42,60.976,0.12,,,,0.22,950.0,2.07,,,
662,000740009,78.0,0.19,51.3,337.5,0.0075,0.09,0.0,0.42,91.463,0.02,,,,0.22,950.0,2.07,,,
663,000740010,78.0,0.19,51.3,337.5,0.0075,0.09,0.0,0.42,60.976,0.068,,,,0.22,950.0,2.07,,,
664,000740011,78.0,0.19,51.3,337.5,0.0075,0.09,0.0,0.42,9.146,0.386,,,,0.22,950.0,2.07,,,
665,000740012,78.0,0.19,51.3,337.5,0.0075,0.09,0.0,0.42,15.244,0.247,,,,0.22,950.0,2.07,,,
666,000740013,78.0,0.19,51.3,337.5,0.0075,0.09,0.0,0.42,24.39,0.123,,,,0.22,950.0,2.07,,,
667,000740014,78.0,0.19,51.3,337.5,0.0075,0.09,0.0,0.42,91.463,0.026,,,,0.22,950.0,2.07,,,
668,000740015,78.0,0.19,51.3,337.5,0.0075,0.09,0.0,0.42,60.976,0.075,,,,0.22,950.0,2.07,,,
669,000740016,78.0,0.19,51.3,337.5,0.0075,0.09,0.0,0.42,18.293,0.173,,,,0.22,950.0,2.07,,,
670,000740017,78.0,0.19,51.3,337.5,0.0075,0.09,0.0,0.42,9.146,0.37,,,,0.22,950.0,2.07,,,
671,000750000,,,,,,,,,,,,,,,,,0.17,78.75,0.35
672,000750001,78.0,0.19,51.3,337.5,0.0075,0.09,0.0,0.42,60.976,0.074,,,,0.22,950.0,2.07,,,
673,000750002,78.0,0.19,51.3,337.5,0.0075,0.09,0.0,0.42,91.463,0.024,,,,0.22,950.0,2.07,,,
674,000750003,78.0,0.19,51.3,337.5,0.0075,0.09,0.0,0.42,60.976,0.119,,,,0.22,950.0,2.07,,,
675,000750004,78.0,0.19,51.3,337.5,0.0075,0.09,0.0,0.42,9.146,0.253,,,,0.22,950.0,2.07,,,
676,000750005,78.0,0.19,51.3,337.5,0.0075,0.09,0.0,0.42,9.146,0.4,,,,0.22,950.0,2.07,,,
677,000750006,78.0,0.19,51.3,337.5,0.0075,0.09,0.0,0.42,9.146,0.587,,,,0.22,950.0,2.07,,,
678,000760000,,,,,,,,,,,,,,,,,0.17,78.75,0.35
679,000760001,78.0,0.19,51.3,337.5,0.0075,0.09,0.0,0.42,121.951,0.015,,,,0.22,950.0,2.07,,,
680,000760002,78.0,0.19,51.3,337.5,0.0075,0.09,0.0,0.42,121.951,0.018,,,,0.22,950.0,2.07,,,
681,000760003,78.0,0.19,51.3,337.5,0.0075,0.09,0.0,0.42,60.976,0.072,,,,0.22,950.0,2.07,,,
682,000760004,78.0,0.19,51.3,337.5,0.0075,0.09,0.0,0.42,24.39,0.122,,,,0.22,950.0,2.07,,,
683,000770000,,,,,,,,,,,,,,,,,0.17,78.75,0.35
684,000770001,78.0,0.19,51.3,337.5,0.0075,0.09,0.0,0.42,60.976,0.073,,,,0.22,950.0,2.07,,,
685,000770002,78.0,0.19,51.3,337.5,0.0075,0.09,0.0,0.42,24.39,0.121,,,,0.22,950.0,2.07,,,
686,000770003,78.0,0.19,51.3,337.5,0.0075,0.09,0.0,0.42,121.951,0.017,,,,0.22,950.0,2.07,,,
687,000770004,78.0,0.19,51.3,337.5,0.0075,0.09,0.0,0.42,60.976,0.074,,,,0.22,950.0,2.07,,,
688,000770005,78.0,0.19,51.3,337.5,0.0075,0.09,0.0,0.42,24.39,0.121,,,,0.22,950.0,2.07,,,
689,000770006,78.0,0.19,51.3,337.5,0.0075,0.09,0.0,0.42,18.293,0.174,,,,0.22,950.0,2.07,,,
690,000770007,78.0,0.19,51.3,337.5,0.0075,0.09,0.0,0.42,121.951,0.015,,,,0.22,950.0,2.07,,,
691,000780000,,,,,,,,,,,,,,,,,0.17,78.75,0.35
692,000780001,78.0,0.19,51.3,337.5,0.0075,0.09,0.0,0.42,60.976,0.074,,,,0.22,950.0,2.07,,,
693,000780002,78.0,0.19,51.3,337.5,0.0075,0.09,0.0,0.42,24.39,0.123,,,,0.22,950.0,2.07,,,
694,000780003,78.0,0.19,51.3,337.5,0.0075,0.09,0.0,0.42,15.244,0.245,,,,0.22,950.0,2.07,,,
695,000780004,78.0,0.19,51.3,337.5,0.0075,0.09,0.0,0.42,18.293,0.175,,,,0.22,950.0,2.07,,,
696,000780005,78.0,0.19,51.3,337.5,0.0075,0.09,0.0,0.42,9.146,0.362,,,,0.22,950.0,2.07,,,
697,000780006,78.0,0.19,51.3,337.5,0.0075,0.09,0.0,0.42,91.463,0.025,,,,0.22,950.0,2.07,,,
698,000780007,78.0,0.19,51.3,337.5,0.0075,0.09,0.0,0.42,121.951,0.019,,,,0.22,950.0,2.07,,,
699,000780008,78.0,0.19,51.3,337.5,0.0075,0.09,0.0,0.42,60.976,0.118,,,,0.22,950.0,2.07,,,
700,000780009,78.0,0.19,51.3,337.5,0.0075,0.09,0.0,0.42,60.976,0.072,,,,0.22,950.0,2.07,,,
701,000780010,78.0,0.19,51.3,337.5,0.0075,0.09,0.0,0.42,91.463,0.027,,,,0.22,950.0,2.07,,,
702,000780011,78.0,0.19,51.3,337.5,0.0075,0.09,0.0,0.42,60.976,0.118,,,,0.22,950.0,2.07,,,
703,000780012,78.0,0.19,51.3,337.5,0.0075,0.09,0.0,0.42,60.976,0.07,,,,0.22,950.0,2.07,,,
704,000780013,78.0,0.19,51.3,337.5,0.0075,0.09,0.0,0.42,91.463,0.022,,,,0.22,950.0,2.07,,,
705,000780014,78.0,0.19,51.3,337.5,0.0075,0.09,0.0,0.42,60.976,0.066,,,,0.22,950.0,2.07,,,
706,000790000,,,,,,,,,,,,,,,,,0.17,78.75,0.35
707,000790001,78.0,0.19,51.3,337.5,0.0075,0.09,0.0,0.42,18.293,0.175,,,,0.22,950.0,2.07,,,
708,000790002,78.0,0.19,51.3,337.5,0.0075,0.09,0.0,0.42,24.39,0.124,,,,0.22,950.0,2.07,,,
709,000790003,78.0,0.19,51.3,337.5,0.0075,0.09,0.0,0.42,15.244,0.247,,,,0.22,950.0,2.07,,,
710,000790004,78.0,0.19,51.3,337.5,0.0075,0.09,0.0,0.42,9.146,0.389,,,,0.22,950.0,2.07,,,
711,000790005,78.0,0.19,51.3,337.5,0.0075,0.09,0.0,0.42,121.951,0.019,,,,0.22,950.0,2.07,,,
712,000790006,78.0,0.19,51.3,337.5,0.0075,0.09,0.0,0.42,18.293,0.173,,,,0.22,950.0,2.07,,,
713,000790007,78.0,0.19,51.3,337.5,0.0075,0.09,0.0,0.42,15.244,0.247,,,,0.22,950.0,2.07,,,
714,000790008,78.0,0.19,51.3,337.5,0.0075,0.09,0.0,0.42,24.39,0.124,,,,0.22,950.0,2.07,,,
715,000790009,78.0,0.19,51.3,337.5,0.0075,0.09,0.0,0.42,60.976,0.074,,,,0.22,950.0,2.07,,,
716,000790010,78.0,0.19,51.3,337.5,0.0075,0.09,0.0,0.42,9.146,0.378,,,,0.22,950.0,2.07,,,
717,000790011,78.0,0.19,51.3,337.5,0.0075,0.09,0.0,0.42,24.39,0.123,,,,0.22,950.0,2.07,,,
718,000790012,78.0,0.19,51.3,337.5,0.0075,0.09,0.0,0.42,15.244,0.244,,,,0.22,950.0,2.07,,,
719,000790013,78.0,0.19,51.3,337.5,0.0075,0.09,0.0,0.42,9.146,0.376,,,,0.22,950.0,2.07,,,
720,000790014,78.0,0.19,51.3,337.5,0.0075,0.09,0.0,0.42,18.293,0.174,,,,0.22,950.0,2.07,,,
721,000790015,78.0,0.19,51.3,337.5,0.0075,0.09,0.0,0.42,121.951,0.017,,,,0.22,950.0,2.07,,,
722,000790016,78.0,0.19,51.3,337.5,0.0075,0.09,0.0,0.42,60.976,0.074,,,,0.22,950.0,2.07,,,
723,000790017,78.0,0.19,51.3,337.5,0.0075,0.09,0.0,0.42,24.39,0.123,,,,0.22,950.0,2.07,,,
724,000790018,78.0,0.19,51.3,337.5,0.0075,0.09,0.0,0.42,9.146,0.375,,,,0.22,950.0,2.07,,,
725,000790019,78.0,0.19,51.3,337.5,0.0075,0.09,0.0,0.42,18.293,0.174,,,,0.22,950.0,2.07,,,
726,000790020,78.0,0.19,51.3,337.5,0.0075,0.09,0.0,0.42,121.951,0.018,,,,0.22,950.0,2.07,,,
727,000790021,78.0,0.19,51.3,337.5,0.0075,0.09,0.0,0.42,60.976,0.075,,,,0.22,950.0,2.07,,,
728,000790022,78.0,0.19,51.3,337.5,0.0075,0.09,0.0,0.42,15.244,0.246,,,,0.22,950.0,2.07,,,
729,000800000,,,,,,,,,,,,,,,,,0.17,78.75,0.35
730,000800001,78.0,0.19,51.3,337.5,0.0075,0.09,0.0,0.42,15.244,0.238,,,,0.22,950.0,2.07,,,
731,000800002,78.0,0.19,51.3,337.5,0.0075,0.09,0.0,0.42,121.951,0.02,,,,0.22,950.0,2.07,,,
732,000800003,78.0,0.19,51.3,337.5,0.0075,0.09,0.0,0.42,60.976,0.073,,,,0.22,950.0,2.07,,,
733,000800004,78.0,0.19,51.3,337.5,0.0075,0.09,0.0,0.42,18.293,0.173,,,,0.22,950.0,2.07,,,
734,000800005,78.0,0.19,51.3,337.5,0.0075,0.09,0.0,0.42,24.39,0.122,,,,0.22,950.0,2.07,,,
735,000800006,78.0,0.19,51.3,337.5,0.0075,0.09,0.0,0.42,15.244,0.247,,,,0.22,950.0,2.07,,,
736,000800007,78.0,0.19,51.3,337.5,0.0075,0.09,0.0,0.42,121.951,0.017,,,,0.22,950.0,2.07,,,
737,000800008,78.0,0.19,51.3,337.5,0.0075,0.09,0.0,0.42,24.39,0.12,,,,0.22,950.0,2.07,,,
738,000800009,78.0,0.19,51.3,337.5,0.0075,0.09,0.0,0.42,60.976,0.073,,,,0.22,950.0,2.07,,,
739,000800010,78.0,0.19,51.3,337.5,0.0075,0.09,0.0,0.42,9.146,0.361,,,,0.22,950.0,2.07,,,
740,000800011,78.0,0.19,51.3,337.5,0.0075,0.09,0.0,0.42,60.976,0.073,,,,0.22,950.0,2.07,,,
741,000800012,78.0,0.19,51.3,337.5,0.0075,0.09,0.0,0.42,121.951,0.019,,,,0.22,950.0,2.07,,,
742,000800013,78.0,0.19,51.3,337.5,0.0075,0.09,0.0,0.42,60.976,0.119,,,,0.22,950.0,2.07,,,
743,000810000,,,,,,,,,,,,,,,,,0.17,78.75,0.35
744,000810001,78.0,0.19,51.3,337.5,0.0075,0.09,0.0,0.42,91.463,0.023,,,,0.22,950.0,2.07,,,
745,000810002,78.0,0.19,51.3,337.5,0.0075,0.09,0.0,0.42,60.976,0.07,,,,0.22,950.0,2.07,,,
746,000810003,78.0,0.19,51.3,337.5,0.0075,0.09,0.0,0.42,24.39,0.126,,,,0.22,950.0,2.07,,,
747,000810004,78.0,0.19,51.3,337.5,0.0075,0.09,0.0,0.42,18.293,0.176,,,,0.22,950.0,2.07,,,
748,000810005,78.0,0.19,51.3,337.5,0.0075,0.09,0.0,0.42,121.951,0.017,,,,0.22,950.0,2.07,,,
749,000810006,78.0,0.19,51.3,337.5,0.0075,0.09,0.0,0.42,18.293,0.175,,,,0.22,950.0,2.07,,,
750,000810007,78.0,0.19,51.3,337.5,0.0075,0.09,0.0,0.42,15.244,0.249,,,,0.22,950.0,2.07,,,
751,000810008,78.0,0.19,51.3,337.5,0.0075,0.09,0.0,0.42,9.146,0.372,,,,0.22,950.0,2.07,,,
752,000810009,78.0,0.19,51.3,337.5,0.0075,0.09,0.0,0.42,60.976,0.075,,,,0.22,950.0,2.07,,,
753,000810010,78.0,0.19,51.3,337.5,0.0075,0.09,0.0,0.42,24.39,0.122,,,,0.22,950.0,2.07,,,
754,000810011,78.0,0.19,51.3,337.5,0.0075,0.09,0.0,0.42,18.293,0.172,,,,0.22,950.0,2.07,,,
755,000810012,78.0,0.19,51.3,337.5,0.0075,0.09,0.0,0.42,60.976,0.077,,,,0.22,950.0,2.07,,,
756,000810013,78.0,0.19,51.3,337.5,0.0075,0.09,0.0,0.42,24.39,0.124,,,,0.22,950.0,2.07,,,
757,000810014,78.0,0.19,51.3,337.5,0.0075,0.09,0.0,0.42,15.244,0.234,,,,0.22,950.0,2.07,,,
758,000810015,78.0,0.19,51.3,337.5,0.0075,0.09,0.0,0.42,91.463,0.03,,,,0.22,950.0,2.07,,,
759,000810016,78.0,0.19,51.3,337.5,0.0075,0.09,0.0,0.42,9.146,0.388,,,,0.22,950.0,2.07,,,
760,000810017,78.0,0.19,51.3,337.5,0.0075,0.09,0.0,0.42,15.244,0.243,,,,0.22,950.0,2.07,,,
761,000810018,78.0,0.19,51.3,337.5,0.0075,0.09,0.0,0.42,18.293,0.174,,,,0.22,950.0,2.07,,,
762,000810019,78.0,0.19,51.3,337.5,0.0075,0.09,0.0,0.42,60.976,0.071,,,,0.22,950.0,2.07,,,
763,000810020,78.0,0.19,51.3,337.5,0.0075,0.09,0.0,0.42,121.951,0.016,,,,0.22,950.0,2.07,,,
764,000810021,78.0,0.19,51.3,337.5,0.0075,0.09,0.0,0.42,24.39,0.125,,,,0.22,950.0,2.07,,,
765,000820000,,,,,,,,,,,,,,,,,0.17,78.75,0.35
766,000820001,78.0,0.19,51.3,337.5,0.0075,0.09,0.0,0.42,24.39,0.127,,,,0.22,950.0,2.07,,,
767,000820002,78.0,0.19,51.3,337.5,0.0075,0.09,0.0,0.42,18.293,0.174,,,,0.22,950.0,2.07,,,
768,000820003,78.0,0.19,51.3,337.5,0.0075,0.09,0.0,0.42,121.951,0.017,,,,0.22,950.0,2.07,,,
769,000820004,78.0,0.19,51.3,337.5,0.0075,0.09,0.0,0.42,15.244,0.248,,,,0.22,950.0,2.07,,,
770,000820005,78.0,0.19,51.3,337.5,0.0075,0.09,0.0,0.42,9.146,0.39,,,,0.22,950.0,2.07,,,
771,000820006,78.0,0.19,51.3,337.5,0.0075,0.09,0.0,0.42,9.146,0.659,,,,0.22,950.0,2.07,,,
772,000820007,78.0,0.19,51.3,337.5,0.0075,0.09,0.0,0.42,121.951,0.015,,,,0.22,950.0,2.07,,,
773,000820008,78.0,0.19,51.3,337.5,0.0075,0.09,0.0,0.42,24.39,0.124,,,,0.22,950.0,2.07,,,
774,000820009,78.0,0.19,51.3,337.5,0.0075,0.09,0.0,0.42,60.976,0.077,,,,0.22,950.0,2.07,,,
775,000820010,78.0,0.19,51.3,337.5,0.0075,0.09,0.0,0.42,15.244,0.231,,,,0.22,950.0,2.07,,,
776,000820011,78.0,0.19,51.3,337.5,0.0075,0.09,0.0,0.42,9.146,0.387,,,,0.22,950.0,2.07,,,
777,000820012,78.0,0.19,51.3,337.5,0.0075,0.09,0.0,0.42,60.976,0.072,,,,0.22,950.0,2.07,,,
778,000820013,78.0,0.19,51.3,337.5,0.0075,0.09,0.0,0.42,121.951,0.015,,,,0.22,950.0,2.07,,,
779,000820014,78.0,0.19,51.3,337.5,0.0075,0.09,0.0,0.42,18.293,0.175,,,,0.22,950.0,2.07,,,
780,000820015,78.0,0.19,51.3,337.5,0.0075,0.09,0.0,0.42,15.244,0.232,,,,0.22,950.0,2.07,,,
781,000820016,78.0,0.19,51.3,337.5,0.0075,0.09,0.0,0.42,24.39,0.127,,,,0.22,950.0,2.07,,,
782,000830000,,,,,,,,,,,,,,,,,0.17,78.75,0.35
783,000830001,78.0,0.19,51.3,337.5,0.0075,0.09,0.0,0.42,91.463,0.024,,,,0.22,950.0,2.07,,,
784,000830002,78.0,0.19,51.3,337.5,0.0075,0.09,0.0,0.42,60.976,0.07,,,,0.22,950.0,2.07,,,
785,000830003,78.0,0.19,51.3,337.5,0.0075,0.09,0.0,0.42,60.976,0.117,,,,0.22,950.0,2.07,,,
786,000830004,78.0,0.19,51.3,337.5,0.0075,0.09,0.0,0.42,91.463,0.022,,,,0.22,950.0,2.07,,,
787,000830005,78.0,0.19,51.3,337.5,0.0075,0.09,0.0,0.42,60.976,0.073,,,,0.22,950.0,2.07,,,
788,000830006,78.0,0.19,51.3,337.5,0.0075,0.09,0.0,0.42,24.39,0.121,,,,0.22,950.0,2.07,,,
789,000830007,78.0,0.19,51.3,337.5,0.0075,0.09,0.0,0.42,15.244,0.247,,,,0.22,950.0,2.07,,,
790,000830008,78.0,0.19,51.3,337.5,0.0075,0.09,0.0,0.42,9.146,0.38,,,,0.22,950.0,2.07,,,
791,000830009,78.0,0.19,51.3,337.5,0.0075,0.09,0.0,0.42,60.976,0.071,,,,0.22,950.0,2.07,,,
792,000830010,78.0,0.19,51.3,337.5,0.0075,0.09,0.0,0.42,91.463,0.025,,,,0.22,950.0,2.07,,,
793,000830011,78.0,0.19,51.3,337.5,0.0075,0.09,0.0,0.42,24.39,0.122,,,,0.22,950.0,2.07,,,
794,000830012,78.0,0.19,51.3,337.5,0.0075,0.09,0.0,0.42,121.951,0.019,,,,0.22,950.0,2.07,,,
795,000830013,78.0,0.19,51.3,337.5,0.0075,0.09,0.0,0.42,60.976,0.071,,,,0.22,950.0,2.07,,,
796,000830014,78.0,0.19,51.3,337.5,0.0075,0.09,0.0,0.42,60.976,0.12,,,,0.22,950.0,2.07,,,
797,000840000,,,,,,,,,,,,,,,,,0.17,78.75,0.35
798,000840001,78.0,0.19,51.3,337.5,0.0075,0.09,0.0,0.42,15.244,0.244,,,,0.22,950.0,2.07,,,
799,000840002,78.0,0.19,51.3,337.5,0.0075,0.09,0.0,0.42,24.39,0.122,,,,0.22,950.0,2.07,,,
800,000840003,78.0,0.19,51.3,337.5,0.0075,0.09,0.0,0.42,60.976,0.074,,,,0.22,950.0,2.07,,,
801,000840004,78.0,0.19,51.3,337.5,0.0075,0.09,0.0,0.42,9.146,0.369,,,,0.22,950.0,2.07,,,
802,000840005,78.0,0.19,51.3,337.5,0.0075,0.09,0.0,0.42,18.293,0.174,,,,0.22,950.0,2.07,,,
803,000840006,78.0,0.19,51.3,337.5,0.0075,0.09,0.0,0.42,91.463,0.025,,,,0.22,950.0,2.07,,,
804,000840007,78.0,0.19,51.3,337.5,0.0075,0.09,0.0,0.42,15.244,0.241,,,,0.22,950.0,2.07,,,
805,000840008,78.0,0.19,51.3,337.5,0.0075,0.09,0.0,0.42,24.39,0.122,,,,0.22,950.0,2.07,,,
806,000840009,78.0,0.19,51.3,337.5,0.0075,0.09,0.0,0.42,60.976,0.073,,,,0.22,950.0,2.07,,,
807,000840010,78.0,0.19,51.3,337.5,0.0075,0.09,0.0,0.42,91.463,0.023,,,,0.22,950.0,2.07,,,
808,000840011,78.0,0.19,51.3,337.5,0.0075,0.09,0.0,0.42,60.976,0.069,,,,0.22,950.0,2.07,,,
809,000840012,78.0,0.19,51.3,337.5,0.0075,0.09,0.0,0.42,91.463,0.025,,,,0.22,950.0,2.07,,,
810,000850000,,,,,,,,,,,,,,,,,0.17,78.75,0.35
811,000850001,78.0,0.19,51.3,337.5,0.0075,0.09,0.0,0.42,9.146,0.385,,,,0.22,950.0,2.07,,,
812,000850002,78.0,0.19,51.3,337.5,0.0075,0.09,0.0,0.42,15.244,0.249,,,,0.22,950.0,2.07,,,
813,000850003,78.0,0.19,51.3,337.5,0.0075,0.09,0.0,0.42,121.951,0.013,,,,0.22,950.0,2.07,,,
814,000850004,78.0,0.19,51.3,337.5,0.0075,0.09,0.0,0.42,9.146,0.252,,,,0.22,950.0,2.07,,,
815,000850005,78.0,0.19,51.3,337.5,0.0075,0.09,0.0,0.42,9.146,0.39,,,,0.22,950.0,2.07,,,
816,000850006,78.0,0.19,51.3,337.5,0.0075,0.09,0.0,0.42,9.146,0.58,,,,0.22,950.0,2.07,,,
817,000850007,78.0,0.19,51.3,337.5,0.0075,0.09,0.0,0.42,121.951,0.017,,,,0.22,950.0,2.07,,,
818,000850008,78.0,0.19,51.3,337.5,0.0075,0.09,0.0,0.42,60.976,0.068,,,,0.22,950.0,2.07,,,
819,000860000,,,,,,,,,,,,,,,,,0.17,78.75,0.35
820,000860001,78.0,0.19,51.3,337.5,0.0075,0.09,0.0,0.42,9.146,0.399,,,,0.22,950.0,2.07,,,
821,000860002,78.0,0.19,51.3,337.5,0.0075,0.09,0.0,0.42,15.244,0.248,,,,0.22,950.0,2.07,,,
822,000860003,78.0,0.19,51.3,337.5,0.0075,0.09,0.0,0.42,9.146,0.598,,,,0.22,950.0,2.07,,,
823,000860004,78.0,0.19,51.3,337.5,0.0075,0.09,0.0,0.42,15.244,0.242,,,,0.22,950.0,2.07,,,
824,000860005,78.0,0.19,51.3,337.5,0.0075,0.09,0.0,0.42,24.39,0.121,,,,0.22,950.0,2.07,,,
825,000860006,78.0,0.19,51.3,337.5,0.0075,0.09,0.0,0.42,18.293,0.171,,,,0.22,950.0,2.07,,,
826,000860007,78.0,0.19,51.3,337.5,0.0075,0.09,0.0,0.42,60.976,0.074,,,,0.22,950.0,2.07,,,
827,000860008,78.0,0.19,51.3,337.5,0.0075,0.09,0.0,0.42,91.463,0.021,,,,0.22,950.0,2.07,,,
828,000860009,78.0,0.19,51.3,337.5,0.0075,0.09,0.0,0.42,60.976,0.072,,,,0.22,950.0,2.07,,,
829,000860010,78.0,0.19,51.3,337.5,0.0075,0.09,0.0,0.42,24.39,0.121,,,,0.22,950.0,2.07,,,
830,000860011,78.0,0.19,51.3,337.5,0.0075,0.09,0.0,0.42,121.951,0.02,,,,0.22,950.0,2.07,,,
831,000870000,,,,,,,,,,,,,,,,,0.17,78.75,0.35
832,000870001,78.0,0.19,51.3,337.5,0.0075,0.09,0.0,0.42,9.146,0.25,,,,0.22,950.0,2.07,,,
833,000870002,78.0,0.19,51.3,337.5,0.0075,0.09,0.0,0.42,9.146,0.394,,,,0.22,950.0,2.07,,,
834,000870003,78.0,0.19,51.3,337.5,0.0075,0.09,0.0,0.42,9.146,0.579,,,,0.22,950.0,2.07,,,
835,000870004,78.0,0.19,51.3,337.5,0.0075,0.09,0.0,0.42,15.244,0.25,,,,0.22,950.0,2.07,,,
836,000870005,78.0,0.19,51.3,337.5,0.0075,0.09,0.0,0.42,18.293,0.175,,,,0.22,950.0,2.07,,,
837,000870006,78.0,0.19,51.3,337.5,0.0075,0.09,0.0,0.42,24.39,0.125,,,,0.22,950.0,2.07,,,
838,000870007,78.0,0.19,51.3,337.5,0.0075,0.09,0.0,0.42,60.976,0.076,,,,0.22,950.0,2.07,,,
839,000870008,78.0,0.19,51.3,337.5,0.0075,0.09,0.0,0.42,91.463,0.024,,,,0.22,950.0,2.07,,,
840,000870009,78.0,0.19,51.3,337.5,0.0075,0.09,0.0,0.42,24.39,0.122,,,,0.22,950.0,2.07,,,
841,000870010,78.0,0.19,51.3,337.5,0.0075,0.09,0.0,0.42,18.293,0.173,,,,0.22,950.0,2.07,,,
842,000870011,78.0,0.19,51.3,337.5,0.0075,0.09,0.0,0.42,91.463,0.024,,,,0.22,950.0,2.07,,,
843,000870012,78.0,0.19,51.3,337.5,0.0075,0.09,0.0,0.42,15.244,0.242,,,,0.22,950.0,2.07,,,
844,000870013,78.0,0.19,51.3,337.5,0.0075,0.09,0.0,0.42,60.976,0.075,,,,0.22,950.0,2.07,,,
845,000870014,78.0,0.19,51.3,337.5,0.0075,0.09,0.0,0.42,9.146,0.382,,,,0.22,950.0,2.07,,,
846,000870015,78.0,0.19,51.3,337.5,0.0075,0.09,0.0,0.42,91.463,0.026,,,,0.22,950.0,2.07,,,
847,000870016,78.0,0.19,51.3,337.5,0.0075,0.09,0.0,0.42,24.39,0.121,,,,0.22,950.0,2.07,,,
848,000870017,78.0,0.19,51.3,337.5,0.0075,0.09,0.0,0.42,60.976,0.074,,,,0.22,950.0,2.07,,,
849,000870018,78.0,0.19,51.3,337.5,0.0075,0.09,0.0,0.42,60.976,0.074,,,,0.22,950.0,2.07,,,
850,000870019,78.0,0.19,51.3,337.5,0.0075,0.09,0.0,0.42,24.39,0.123,,,,0.22,950.0,2.07,,,
851,000870020,78.0,0.19,51.3,337.5,0.0075,0.09,0.0,0.42,121.951,0.02,,,,0.22,950.0,2.07,,,
852,000870021,78.0,0.19,51.3,337.5,0.0075,0.09,0.0,0.42,18.293,0.171,,,,0.22,950.0,2.07,,,
853,000880000,,,,,,,,,,,,,,,,,0.17,78.75,0.35
854,000880001,78.0,0.19,51.3,337.5,0.0075,0.09,0.0,0.42,60.976,0.081,,,,0.22,950.0,2.07,,,
855,000880002,78.0,0.19,51.3,337.5,0.0075,0.09,0.0,0.42,121.951,0.004,,,,0.22,950.0,2.07,,,
856,000890000,,,,,,,,,,,,,,,,,0.17,78.75,0.35
857,000890001,78.0,0.19,51.3,337.5,0.0075,0.09,0.0,0.42,121.951,0.016,,,,0.22,950.0,2.07,,,
858,000890002,78.0,0.19,51.3,337.5,0.0075,0.09,0.0,0.42,60.976,0.071,,,,0.22,950.0,2.07,,,
859,000890003,78.0,0.19,51.3,337.5,0.0075,0.09,0.0,0.42,24.39,0.123,,,,0.22,950.0,2.07,,,
860,000890004,78.0,0.19,51.3,337.5,0.0075,0.09,0.0,0.42,15.244,0.242,,,,0.22,950.0,2.07,,,
861,000890005,78.0,0.19,51.3,337.5,0.0075,0.09,0.0,0.42,9.146,0.369,,,,0.22,950.0,2.07,,,
862,000890006,78.0,0.19,51.3,337.5,0.0075,0.09,0.0,0.42,60.976,0.073,,,,0.22,950.0,2.07,,,
863,000890007,78.0,0.19,51.3,337.5,0.0075,0.09,0.0,0.42,24.39,0.122,,,,0.22,950.0,2.07,,,
864,000890008,78.0,0.19,51.3,337.5,0.0075,0.09,0.0,0.42,121.951,0.017,,,,0.22,950.0,2.07,,,
865,000890009,78.0,0.19,51.3,337.5,0.0075,0.09,0.0,0.42,15.244,0.237,,,,0.22,950.0,2.07,,,
866,000890010,78.0,0.19,51.3,337.5,0.0075,0.09,0.0,0.42,18.293,0.171,,,,0.22,950.0,2.07,,,
867,000890011,78.0,0.19,51.3,337.5,0.0075,0.09,0.0,0.42,9.146,0.4,,,,0.22,950.0,2.07,,,
868,000890012,78.0,0.19,51.3,337.5,0.0075,0.09,0.0,0.42,9.146,0.657,,,,0.22,950.0,2.07,,,
869,000890013,78.0,0.19,51.3,337.5,0.0075,0.09,0.0,0.42,15.244,0.25,,,,0.22,950.0,2.07,,,
870,000890014,78.0,0.19,51.3,337.5,0.0075,0.09,0.0,0.42,15.244,0.248,,,,0.22,950.0,2.07,,,
871,000890015,78.0,0.19,51.3,337.5,0.0075,0.09,0.0,0.42,9.146,0.395,,,,0.22,950.0,2.07,,,
872,000890016,78.0,0.19,51.3,337.5,0.0075,0.09,0.0,0.42,9.146,0.637,,,,0.22,950.0,2.07,,,
873,000900000,,,,,,,,,,,,,,,,,0.17,78.75,0.35
874,000900001,78.0,0.19,51.3,337.5,0.0075,0.09,0.0,0.42,60.976,0.071,,,,0.22,950.0,2.07,,,
875,000900002,78.0,0.19,51.3,337.5,0.0075,0.09,0.0,0.42,91.463,0.025,,,,0.22,950.0,2.07,,,
876,000900003,78.0,0.19,51.3,337.5,0.0075,0.09,0.0,0.42,60.976,0.114,,,,0.22,950.0,2.07,,,
877,000910000,,,,,,,,,,,,,,,,,0.17,78.75,0.35
878,000910001,78.0,0.19,51.3,337.5,0.0075,0.09,0.0,0.42,24.39,0.12,,,,0.22,950.0,2.07,,,
879,000910002,78.0,0.19,51.3,337.5,0.0075,0.09,0.0,0.42,121.951,0.018,,,,0.22,950.0,2.07,,,
880,000910003,78.0,0.19,51.3,337.5,0.0075,0.09,0.0,0.42,15.244,0.236,,,,0.22,950.0,2.07,,,
881,000910004,78.0,0.19,51.3,337.5,0.0075,0.09,0.0,0.42,60.976,0.072,,,,0.22,950.0,2.07,,,
882,000920000,,,,,,,,,,,,,,,,,0.17,78.75,0.35
883,000920001,78.0,0.19,51.3,337.5,0.0075,0.09,0.0,0.42,24.39,0.124,,,,0.22,950.0,2.07,,,
884,000920002,78.0,0.19,51.3,337.5,0.0075,0.09,0.0,0.42,18.293,0.173,,,,0.22,950.0,2.07,,,
885,000920003,78.0,0.19,51.3,337.5,0.0075,0.09,0.0,0.42,15.244,0.237,,,,0.22,950.0,2.07,,,
886,000920004,78.0,0.19,51.3,337.5,0.0075,0.09,0.0,0.42,60.976,0.075,,,,0.22,950.0,2.07,,,
887,000920005,78.0,0.19,51.3,337.5,0.0075,0.09,0.0,0.42,121.951,0.016,,,,0.22,950.0,2.07,,,
888,000920006,78.0,0.19,51.3,337.5,0.0075,0.09,0.0,0.42,9.146,0.379,,,,0.22,950.0,2.07,,,
889,000920007,78.0,0.19,51.3,337.5,0.0075,0.09,0.0,0.42,121.951,0.01,,,,0.22,950.0,2.07,,,
890,000920008,78.0,0.19,51.3,337.5,0.0075,0.09,0.0,0.42,60.976,0.076,,,,0.22,950.0,2.07,,,
891,000920009,78.0,0.19,51.3,337.5,0.0075,0.09,0.0,0.42,18.293,0.174,,,,0.22,950.0,2.07,,,
892,000920010,78.0,0.19,51.3,337.5,0.0075,0.09,0.0,0.42,24.39,0.122,,,,0.22,950.0,2.07,,,
893,000920011,78.0,0.19,51.3,337.5,0.0075,0.09,0.0,0.42,15.244,0.24,,,,0.22,950.0,2.07,,,
894,000930000,,,,,,,,,,,,,,,,,0.17,78.75,0.35
895,000930001,78.0,0.19,51.3,337.5,0.0075,0.09,0.0,0.42,60.976,0.07,,,,0.22,950.0,2.07,,,
896,000930002,78.0,0.19,51.3,337.5,0.0075,0.09,0.0,0.42,60.976,0.119,,,,0.22,950.0,2.07,,,
897,000930003,78.0,0.19,51.3,337.5,0.0075,0.09,0.0,0.42,91.463,0.025,,,,0.22,950.0,2.07,,,
898,000930004,78.0,0.19,51.3,337.5,0.0075,0.09,0.0,0.42,121.951,0.02,,,,0.22,950.0,2.07,,,
899,000930005,78.0,0.19,51.3,337.5,0.0075,0.09,0.0,0.42,60.976,0.068,,,,0.22,950.0,2.07,,,
900,000930006,78.0,0.19,51.3,337.5,0.0075,0.09,0.0,0.42,24.39,0.125,,,,0.22,950.0,2.07,,,
901,000930007,78.0,0.19,51.3,337.5,0.0075,0.09,0.0,0.42,15.244,0.24,,,,0.22,950.0,2.07,,,
902,000930008,78.0,0.19,51.3,337.5,0.0075,0.09,0.0,0.42,9.146,0.386,,,,0.22,950.0,2.07,,,
903,000930009,78.0,0.19,51.3,337.5,0.0075,0.09,0.0,0.42,91.463,0.024,,,,0.22,950.0,2.07,,,
904,000930010,78.0,0.19,51.3,337.5,0.0075,0.09,0.0,0.42,18.293,0.171,,,,0.22,950.0,2.07,,,
905,000930011,78.0,0.19,51.3,337.5,0.0075,0.09,0.0,0.42,60.976,0.074,,,,0.22,950.0,2.07,,,
906,000940000,,,,,,,,,,,,,,,,,0.17,78.75,0.35
907,000940001,78.0,0.19,51.3,337.5,0.0075,0.09,0.0,0.42,121.951,0.018,,,,0.22,950.0,2.07,,,
908,000940002,78.0,0.19,51.3,337.5,0.0075,0.09,0.0,0.42,60.976,0.066,,,,0.22,950.0,2.07,,,
909,000940003,78.0,0.19,51.3,337.5,0.0075,0.09,0.0,0.42,121.951,0.018,,,,0.22,950.0,2.07,,,
910,000940004,78.0,0.19,51.3,337.5,0.0075,0.09,0.0,0.42,60.976,0.069,,,,0.22,950.0,2.07,,,
911,000950000,,,,,,,,,,,,,,,,,0.17,78.75,0.35
912,000950001,78.0,0.19,51.3,337.5,0.0075,0.09,0.0,0.42,60.976,0.118,,,,0.22,950.0,2.07,,,
913,000950002,78.0,0.19,51.3,337.5,0.0075,0.09,0.0,0.42,121.951,0.018,,,,0.22,950.0,2.07,,,
914,000950003,78.0,0.19,51.3,337.5,0.0075,0.09,0.0,0.42,60.976,0.076,,,,0.22,950.0,2.07,,,
915,000960000,,,,,,,,,,,,,,,,,0.17,78.75,0.35
916,000960001,78.0,0.19,51.3,337.5,0.0075,0.09,0.0,0.42,9.146,0.25,,,,0.22,950.0,2.07,,,
917,000960002,78.0,0.19,51.3,337.5,0.0075,0.09,0.0,0.42,24.39,0.125,,,,0.22,950.0,2.07,,,
918,000960003,78.0,0.19,51.3,337.5,0.0075,0.09,0.0,0.42,9.146,0.362,,,,0.22,950.0,2.07,,,
919,000960004,78.0,0.19,51.3,337.5,0.0075,0.09,0.0,0.42,121.951,0.019,,,,0.22,950.0,2.07,,,
920,000960005,78.0,0.19,51.3,337.5,0.0075,0.09,0.0,0.42,24.39,0.126,,,,0.22,950.0,2.07,,,
921,000960006,78.0,0.19,51.3,337.5,0.0075,0.09,0.0,0.42,91.463,0.021,,,,0.22,950.0,2.07,,,
922,000960007,78.0,0.19,51.3,337.5,0.0075,0.09,0.0,0.42,18.293,0.176,,,,0.22,950.0,2.07,,,
923,000960008,78.0,0.19,51.3,337.5,0.0075,0.09,0.0,0.42,15.244,0.243,,,,0.22,950.0,2.07,,,
924,000960009,78.0,0.19,51.3,337.5,0.0075,0.09,0.0,0.42,60.976,0.077,,,,0.22,950.0,2.07,,,
925,000960010,78.0,0.19,51.3,337.5,0.0075,0.09,0.0,0.42,9.146,0.374,,,,0.22,950.0,2.07,,,
926,000970000,,,,,,,,,,,,,,,,,0.17,78.75,0.35
927,000970001,78.0,0.19,51.3,337.5,0.0075,0.09,0.0,0.42,9.146,0.381,,,,0.22,950.0,2.07,,,
928,000970002,78.0,0.19,51.3,337.5,0.0075,0.09,0.0,0.42,15.244,0.245,,,,0.22,950.0,2.07,,,
929,000970003,78.0,0.19,51.3,337.5,0.0075,0.09,0.0,0.42,24.39,0.124,,,,0.22,950.0,2.07,,,
930,000970004,78.0,0.19,51.3,337.5,0.0075,0.09,0.0,0.42,18.293,0.175,,,,0.22,950.0,2.07,,,
931,000970005,78.0,0.19,51.3,337.5,0.0075,0.09,0.0,0.42,9.146,0.376,,,,0.22,950.0,2.07,,,
932,000970006,78.0,0.19,51.3,337.5,0.0075,0.09,0.0,0.42,15.244,0.249,,,,0.22,950.0,2.07,,,
933,000970007,78.0,0.19,51.3,337.5,0.0075,0.09,0.0,0.42,18.293,0.176,,,,0.22,950.0,2.07,,,
934,000970008,78.0,0.19,51.3,337.5,0.0075,0.09,0.0,0.42,60.976,0.068,,,,0.22,950.0,2.07,,,
935,000970009,78.0,0.19,51.3,337.5,0.0075,0.09,0.0,0.42,91.463,0.024,,,,0.22,950.0,2.07,,,
936,000980000,,,,,,,,,,,,,,,,,0.17,78.75,0.35
937,000980001,78.0,0.19,51.3,337.5,0.0075,0.09,0.0,0.42,9.146,0.384,,,,0.22,950.0,2.07,,,
938,000980002,78.0,0.19,51.3,337.5,0.0075,0.09,0.0,0.42,24.39,0.125,,,,0.22,950.0,2.07,,,
939,000980003,78.0,0.19,51.3,337.5,0.0075,0.09,0.0,0.42,15.244,0.246,,,,0.22,950.0,2.07,,,
940,000980004,78.0,0.19,51.3,337.5,0.0075,0.09,0.0,0.42,9.146,0.369,,,,0.22,950.0,2.07,,,
941,000980005,78.0,0.19,51.3,337.5,0.0075,0.09,0.0,0.42,15.244,0.242,,,,0.22,950.0,2.07,,,
942,000980006,78.0,0.19,51.3,337.5,0.0075,0.09,0.0,0.42,60.976,0.072,,,,0.22,950.0,2.07,,,
943,000980007,78.0,0.19,51.3,337.5,0.0075,0.09,0.0,0.42,24.39,0.123,,,,0.22,950.0,2.07,,,
944,000980008,78.0,0.19,51.3,337.5,0.0075,0.09,0.0,0.42,91.463,0.023,,,,0.22,950.0,2.07,,,
945,000990000,,,,,,,,,,,,,,,,,0.17,78.75,0.35
946,000990001,78.0,0.19,51.3,337.5,0.0075,0.09,0.0,0.42,9.146,0.383,,,,0.22,950.0,2.07,,,
947,000990002,78.0,0.19,51.3,337.5,0.0075,0.09,0.0,0.42,121.951,0.019,,,,0.22,950.0,2.07,,,
948,000990003,78.0,0.19,51.3,337.5,0.0075,0.09,0.0,0.42,60.976,0.073,,,,0.22,950.0,2.07,,,
949,000990004,78.0,0.19,51.3,337.5,0.0075,0.09,0.0,0.42,15.244,0.248,,,,0.22,950.0,2.07,,,
950,000990005,78.0,0.19,51.3,337.5,0.0075,0.09,0.0,0.42,9.146,0.252,,,,0.22,950.0,2.07,,,
951,000990006,78.0,0.19,51.3,337.5,0.0075,0.09,0.0,0.42,9.146,0.356,,,,0.22,950.0,2.07,,,
952,000990007,78.0,0.19,51.3,337.5,0.0075,0.09,0.0,0.42,24.39,0.121,,,,0.22,950.0,2.07,,,
953,000990008,78.0,0.19,51.3,337.5,0.0075,0.09,0.0,0.42,91.463,0.022,,,,0.22,950.0,2.07,,,
954,000990009,78.0,0.19,51.3,337.5,0.0075,0.09,0.0,0.42,60.976,0.069,,,,0.22,950.0,2.07,,,
955,001000000,,,,,,,,,,,,,,,,,0.17,78.75,0.35
956,001000001,78.0,0.19,51.3,337.5,0.0075,0.09,0.0,0.42,91.463,0.027,,,,0.22,950.0,2.07,,,
957,001000002,78.0,0.19,51.3,337.5,0.0075,0.09,0.0,0.42,60.976,0.118,,,,0.22,950.0,2.07,,,
958,001000003,78.0,0.19,51.3,337.5,0.0075,0.09,0.0,0.42,60.976,0.073,,,,0.22,950.0,2.07,,,
959,001000004,78.0,0.19,51.3,337.5,0.0075,0.09,0.0,0.42,60.976,0.07,,,,0.22,950.0,2.07,,,
960,001000005,78.0,0.19,51.3,337.5,0.0075,0.09,0.0,0.42,91.463,0.026,,,,0.22,950.0,2.07,,,
961,001000006,78.0,0.19,51.3,337.5,0.0075,0.09,0.0,0.42,60.976,0.071,,,,0.22,950.0,2.07,,,
962,001000007,78.0,0.19,51.3,337.5,0.0075,0.09,0.0,0.42,60.976,0.114,,,,0.22,950.0,2.07,,,
963,001000008,78.0,0.19,51.3,337.5,0.0075,0.09,0.0,0.42,91.463,0.027,,,,0.22,950.0,2.07,,,
964,001010000,,,,,,,,,,,,,,,,,0.17,78.75,0.35
965,001010001,78.0,0.19,51.3,337.5,0.0075,0.09,0.0,0.42,15.244,0.243,,,,0.22,950.0,2.07,,,
966,001010002,78.0,0.19,51.3,337.5,0.0075,0.09,0.0,0.42,18.293,0.18,,,,0.22,950.0,2.07,,,
967,001010003,78.0,0.19,51.3,337.5,0.0075,0.09,0.0,0.42,9.146,0.365,,,,0.22,950.0,2.07,,,
968,001010004,78.0,0.19,51.3,337.5,0.0075,0.09,0.0,0.42,18.293,0.18,,,,0.22,950.0,2.07,,,
969,001010005,78.0,0.19,51.3,337.5,0.0075,0.09,0.0,0.42,15.244,0.235,,,,0.22,950.0,2.07,,,
970,001010006,78.0,0.19,51.3,337.5,0.0075,0.09,0.0,0.42,24.39,0.128,,,,0.22,950.0,2.07,,,
971,001010007,78.0,0.19,51.3,337.5,0.0075,0.09,0.0,0.42,60.976,0.068,,,,0.22,950.0,2.07,,,
972,001010008,78.0,0.19,51.3,337.5,0.0075,0.09,0.0,0.42,121.951,0.019,,,,0.22,950.0,2.07,,,
973,001020000,,,,,,,,,,,,,,,,,0.17,78.75,0.35
974,001020001,78.0,0.19,51.3,337.5,0.0075,0.09,0.0,0.42,15.244,0.244,,,,0.22,950.0,2.07,,,
975,001020002,78.0,0.19,51.3,337.5,0.0075,0.09,0.0,0.42,9.146,0.365,,,,0.22,950.0,2.07,,,
976,001020003,78.0,0.19,51.3,337.5,0.0075,0.09,0.0,0.42,24.39,0.123,,,,0.22,950.0,2.07,,,
977,001020004,78.0,0.19,51.3,337.5,0.0075,0.09,0.0,0.42,18.293,0.175,,,,0.22,950.0,2.07,,,
978,001020005,78.0,0.19,51.3,337.5,0.0075,0.09,0.0,0.42,60.976,0.075,,,,0.22,950.0,2.07,,,
979,001020006,78.0,0.19,51.3,337.5,0.0075,0.09,0.0,0.42,91.463,0.027,,,,0.22,950.0,2.07,,,
980,001020007,78.0,0.19,51.3,337.5,0.0075,0.09,0.0,0.42,60.976,0.07,,,,0.22,950.0,2.07,,,
981,001020008,78.0,0.19,51.3,337.5,0.0075,0.09,0.0,0.42,91.463,0.022,,,,0.22,950.0,2.07,,,
982,001020009,78.0,0.19,51.3,337.5,0.0075,0.09,0.0,0.42,15.244,0.247,,,,0.22,950.0,2.07,,,
983,001020010,78.0,0.19,51.3,337.5,0.0075,0.09,0.0,0.42,24.39,0.122,,,,0.22,950.0,2.07,,,
984,001020011,78.0,0.19,51.3,337.5,0.0075,0.09,0.0,0.42,18.293,0.177,,,,0.22,950.0,2.07,,,
985,001020012,78.0,0.19,51.3,337.5,0.0075,0.09,0.0,0.42,9.146,0.378,,,,0.22,950.0,2.07,,,
986,001020013,78.0,0.19,51.3,337.5,0.0075,0.09,0.0,0.42,60.976,0.076,,,,0.22,950.0,2.07,,,
987,001030000,,,,,,,,,,,,,,,,,0.17,78.75,0.35
988,001030001,78.0,0.19,51.3,337.5,0.0075,0.09,0.0,0.42,9.146,0.397,,,,0.22,950.0,2.07,,,
989,001030002,78.0,0.19,51.3,337.5,0.0075,0.09,0.0,0.42,9.146,0.252,,,,0.22,950.0,2.07,,,
990,001030003,78.0,0.19,51.3,337.5,0.0075,0.09,0.0,0.42,9.146,0.593,,,,0.22,950.0,2.07,,,
991,001030004,78.0,0.19,51.3,337.5,0.0075,0.09,0.0,0.42,9.146,0.387,,,,0.22,950.0,2.07,,,
992,001030005,78.0,0.19,51.3,337.5,0.0075,0.09,0.0,0.42,9.146,0.612,,,,0.22,950.0,2.07,,,
993,001030006,78.0,0.19,51.3,337.5,0.0075,0.09,0.0,0.42,15.244,0.247,,,,0.22,950.0,2.07,,,
994,001030007,78.0,0.19,51.3,337.5,0.0075,0.09,0.0,0.42,18.293,0.177,,,,0.22,950.0,2.07,,,
995,001030008,78.0,0.19,51.3,337.5,0.0075,0.09,0.0,0.42,9.146,0.386,,,,0.22,950.0,2.07,,,
996,001030009,78.0,0.19,51.3,337.5,0.0075,0.09,0.0,0.42,15.244,0.248,,,,0.22,950.0,2.07,,,
997,001030010,78.0,0.19,51.3,337.5,0.0075,0.09,0.0,0.42,24.39,0.122,,,,0.22,950.0,2.07,,,
998,001030011,78.0,0.19,51.3,337.5,0.0075,0.09,0.0,0.42,60.976,0.075,,,,0.22,950.0,2.07,,,
999,001030012,78.0,0.19,51.3,337.5,0.0075,0.09,0.0,0.42,91.463,0.023,,,,0.22,950.0,2.07,,,
1000,001030013,78.0,0.19,51.3,337.5,0.0075,0.09,0.0,0.42,91.463,0.025,,,,0.22,950.0,2.07,,,
1001,001030014,78.0,0.19,51.3,337.5,0.0075,0.09,0.0,0.42,24.39,0.123,,,,0.22,950.0,2.07,,,
1002,001030015,78.0,0.19,51.3,337.5,0.0075,0.09,0.0,0.42,15.244,0.244,,,,0.22,950.0,2.07,,,
1003,001030016,78.0,0.19,51.3,337.5,0.0075,0.09,0.0,0.42,18.293,0.173,,,,0.22,950.0,2.07,,,
1004,001030017,78.0,0.19,51.3,337.5,0.0075,0.09,0.0,0.42,9.146,0.375,,,,0.22,950.0,2.07,,,
1005,001030018,78.0,0.19,51.3,337.5,0.0075,0.09,0.0,0.42,60.976,0.074,,,,0.22,950.0,2.07,,,
1006,001030019,78.0,0.19,51.3,337.5,0.0075,0.09,0.0,0.42,91.463,0.023,,,,0.22,950.0,2.07,,,
1007,001030020,78.0,0.19,51.3,337.5,0.0075,0.09,0.0,0.42,60.976,0.069,,,,0.22,950.0,2.07,,,
1008,001030021,78.0,0.19,51.3,337.5,0.0075,0.09,0.0,0.42,91.463,0.024,,,,0.22,950.0,2.07,,,
1009,001030022,78.0,0.19,51.3,337.5,0.0075,0.09,0.0,0.42,60.976,0.068,,,,0.22,950.0,2.07,,,
1010,001040000,,,,,,,,,,,,,,,,,0.17,78.75,0.35
1011,001040001,78.0,0.19,51.3,337.5,0.0075,0.09,0.0,0.42,60.976,0.076,,,,0.22,950.0,2.07,,,
1012,001040002,78.0,0.19,51.3,337.5,0.0075,0.09,0.0,0.42,24.39,0.124,,,,0.22,950.0,2.07,,,
1013,001040003,78.0,0.19,51.3,337.5,0.0075,0.09,0.0,0.42,18.293,0.174,,,,0.22,950.0,2.07,,,
1014,001040004,78.0,0.19,51.3,337.5,0.0075,0.09,0.0,0.42,15.244,0.242,,,,0.22,950.0,2.07,,,
1015,001040005,78.0,0.19,51.3,337.5,0.0075,0.09,0.0,0.42,91.463,0.022,,,,0.22,950.0,2.07,,,
1016,001040006,78.0,0.19,51.3,337.5,0.0075,0.09,0.0,0.42,9.146,0.375,,,,0.22,950.0,2.07,,,
1017,001040007,78.0,0.19,51.3,337.5,0.0075,0.09,0.0,0.42,15.244,0.248,,,,0.22,950.0,2.07,,,
1018,001040008,78.0,0.19,51.3,337.5,0.0075,0.09,0.0,0.42,9.146,0.387,,,,0.22,950.0,2.07,,,
1019,001040009,78.0,0.19,51.3,337.5,0.0075,0.09,0.0,0.42,24.39,0.123,,,,0.22,950.0,2.07,,,
1020,001040010,78.0,0.19,51.3,337.5,0.0075,0.09,0.0,0.42,91.463,0.021,,,,0.22,950.0,2.07,,,
1021,001040011,78.0,0.19,51.3,337.5,0.0075,0.09,0.0,0.42,60.976,0.072,,,,0.22,950.0,2.07,,,
1022,001040012,78.0,0.19,51.3,337.5,0.0075,0.09,0.0,0.42,18.293,0.171,,,,0.22,950.0,2.07,,,
1023,001040013,78.0,0.19,51.3,337.5,0.0075,0.09,0.0,0.42,24.39,0.121,,,,0.22,950.0,2.07,,,
1024,001040014,78.0,0.19,51.3,337.5,0.0075,0.09,0.0,0.42,91.463,0.024,,,,0.22,950.0,2.07,,,
1025,001040015,78.0,0.19,51.3,337.5,0.0075,0.09,0.0,0.42,15.244,0.237,,,,0.22,950.0,2.07,,,
1026,001040016,78.0,0.19,51.3,337.5,0.0075,0.09,0.0,0.42,60.976,0.076,,,,0.22,950.0,2.07,,,
1027,001040017,78.0,0.19,51.3,337.5,0.0075,0.09,0.0,0.42,91.463,0.023,,,,0.22,950.0,2.07,,,
1028,001040018,78.0,0.19,51.3,337.5,0.0075,0.09,0.0,0.42,15.244,0.249,,,,0.22,950.0,2.07,,,
1029,001040019,78.0,0.19,51.3,337.5,0.0075,0.09,0.0,0.42,9.146,0.382,,,,0.22,950.0,2.07,,,
1030,001040020,78.0,0.19,51.3,337.5,0.0075,0.09,0.0,0.42,24.39,0.124,,,,0.22,950.0,2.07,,,
1031,001040021,78.0,0.19,51.3,337.5,0.0075,0.09,0.0,0.42,121.951,0.02,,,,0.22,950.0,2.07,,,
1032,001040022,78.0,0.19,51.3,337.5,0.0075,0.09,0.0,0.42,15.244,0.245,,,,0.22,950.0,2.07,,,
1033,001040023,78.0,0.19,51.3,337.5,0.0075,0.09,0.0,0.42,9.146,0.386,,,,0.22,950.0,2.07,,,
1034,001040024,78.0,0.19,51.3,337.5,0.0075,0.09,0.0,0.42,60.976,0.075,,,,0.22,950.0,2.07,,,
1035,001040025,78.0,0.19,51.3,337.5,0.0075,0.09,0.0,0.42,18.293,0.174,,,,0.22,950.0,2.07,,,
1036,001040026,78.0,0.19,51.3,337.5,0.0075,0.09,0.0,0.42,121.951,0.017,,,,0.22,950.0,2.07,,,
1037,001050000,,,,,,,,,,,,,,,,,0.17,78.75,0.35
1038,001050001,78.0,0.19,51.3,337.5,0.0075,0.09,0.0,0.42,121.951,0.01,,,,0.22,950.0,2.07,,,
1039,001050002,78.0,0.19,51.3,337.5,0.0075,0.09,0.0,0.42,121.951,0.015,,,,0.22,950.0,2.07,,,
1040,001050003,78.0,0.19,51.3,337.5,0.0075,0.09,0.0,0.42,60.976,0.056,,,,0.22,950.0,2.07,,,
1041,001060000,,,,,,,,,,,,,,,,,0.17,78.75,0.35
1042,001060001,78.0,0.19,51.3,337.5,0.0075,0.09,0.0,0.42,15.244,0.249,,,,0.22,950.0,2.07,,,
1043,001060002,78.0,0.19,51.3,337.5,0.0075,0.09,0.0,0.42,9.146,0.377,,,,0.22,950.0,2.07,,,
1044,001060003,78.0,0.19,51.3,337.5,0.0075,0.09,0.0,0.42,15.244,0.241,,,,0.22,950.0,2.07,,,
1045,001060004,78.0,0.19,51.3,337.5,0.0075,0.09,0.0,0.42,18.293,0.171,,,,0.22,950.0,2.07,,,
1046,001060005,78.0,0.19,51.3,337.5,0.0075,0.09,0.0,0.42,60.976,0.072,,,,0.22,950.0,2.07,,,
1047,001060006,78.0,0.19,51.3,337.5,0.0075,0.09,0.0,0.42,24.39,0.123,,,,0.22,950.0,2.07,,,
1048,001060007,78.0,0.19,51.3,337.5,0.0075,0.09,0.0,0.42,121.951,0.019,,,,0.22,950.0,2.07,,,
1049,001070000,,,,,,,,,,,,,,,,,0.17,78.75,0.35
1050,001070001,78.0,0.19,51.3,337.5,0.0075,0.09,0.0,0.42,91.463,0.021,,,,0.22,950.0,2.07,,,
1051,001070002,78.0,0.19,51.3,337.5,0.0075,0.09,0.0,0.42,60.976,0.071,,,,0.22,950.0,2.07,,,
1052,001070003,78.0,0.19,51.3,337.5,0.0075,0.09,0.0,0.42,24.39,0.121,,,,0.22,950.0,2.07,,,
1053,001080000,,,,,,,,,,,,,,,,,0.17,78.75,0.35
1054,001080001,78.0,0.19,51.3,337.5,0.0075,0.09,0.0,0.42,60.976,0.069,,,,0.22,950.0,2.07,,,
1055,001080002,78.0,0.19,51.3,337.5,0.0075,0.09,0.0,0.42,91.463,0.026,,,,0.22,950.0,2.07,,,
1056,001090000,,,,,,,,,,,,,,,,,0.17,78.75,0.35
1057,001090001,78.0,0.19,51.3,337.5,0.0075,0.09,0.0,0.42,9.146,0.368,,,,0.22,950.0,2.07,,,
1058,001090002,78.0,0.19,51.3,337.5,0.0075,0.09,0.0,0.42,15.244,0.249,,,,0.22,950.0,2.07,,,
1059,001090003,78.0,0.19,51.3,337.5,0.0075,0.09,0.0,0.42,24.39,0.125,,,,0.22,950.0,2.07,,,
1060,001090004,78.0,0.19,51.3,337.5,0.0075,0.09,0.0,0.42,18.293,0.173,,,,0.22,950.0,2.07,,,
1061,001090005,78.0,0.19,51.3,337.5,0.0075,0.09,0.0,0.42,121.951,0.019,,,,0.22,950.0,2.07,,,
1062,001090006,78.0,0.19,51.3,337.5,0.0075,0.09,0.0,0.42,60.976,0.073,,,,0.22,950.0,2.07,,,
1063,001100000,,,,,,,,,,,,,,,,,0.17,78.75,0.35
1064,001100001,78.0,0.19,51.3,337.5,0.0075,0.09,0.0,0.42,24.39,0.121,,,,0.22,950.0,2.07,,,
1065,001100002,78.0,0.19,51.3,337.5,0.0075,0.09,0.0,0.42,60.976,0.075,,,,0.22,950.0,2.07,,,
1066,001100003,78.0,0.19,51.3,337.5,0.0075,0.09,0.0,0.42,121.951,0.02,,,,0.22,950.0,2.07,,,
1067,001100004,78.0,0.19,51.3,337.5,0.0075,0.09,0.0,0.42,18.293,0.171,,,,0.22,950.0,2.07,,,
1068,001100005,78.0,0.19,51.3,337.5,0.0075,0.09,0.0,0.42,15.244,0.24,,,,0.22,950.0,2.07,,,
1069,001100006,78.0,0.19,51.3,337.5,0.0075,0.09,0.0,0.42,121.951,0.019,,,,0.22,950.0,2.07,,,
1070,001100007,78.0,0.19,51.3,337.5,0.0075,0.09,0.0,0.42,60.976,0.073,,,,0.22,950.0,2.07,,,
1071,001100008,78.0,0.19,51.3,337.5,0.0075,0.09,0.0,0.42,24.39,0.124,,,,0.22,950.0,2.07,,,
1072,001100009,78.0,0.19,51.3,337.5,0.0075,0.09,0.0,0.42,18.293,0.172,,,,0.22,950.0,2.07,,,
1073,001100010,78.0,0.19,51.3,337.5,0.0075,0.09,0.0,0.42,15.244,0.246,,,,0.22,950.0,2.07,,,
1074,001100011,78.0,0.19,51.3,337.5,0.0075,0.09,0.0,0.42,9.146,0.378,,,,0.22,950.0,2.07,,,
1075,001100012,78.0,0.19,51.3,337.5,0.0075,0.09,0.0,0.42,121.951,0.017,,,,0.22,950.0,2.07,,,
1076,001100013,78.0,0.19,51.3,337.5,0.0075,0.09,0.0,0.42,24.39,0.122,,,,0.22,950.0,2.07,,,
1077,001100014,78.0,0.19,51.3,337.5,0.0075,0.09,0.0,0.42,15.244,0.24,,,,0.22,950.0,2.07,,,
1078,001100015,78.0,0.19,51.3,337.5,0.0075,0.09,0.0,0.42,18.293,0.174,,,,0.22,950.0,2.07,,,
1079,001100016,78.0,0.19,51.3,337.5,0.0075,0.09,0.0,0.42,60.976,0.075,,,,0.22,950.0,2.07,,,
1080,001100017,78.0,0.19,51.3,337.5,0.0075,0.09,0.0,0.42,9.146,0.377,,,,0.22,950.0,2.07,,,
1081,001100018,78.0,0.19,51.3,337.5,0.0075,0.09,0.0,0.42,24.39,0.121,,,,0.22,950.0,2.07,,,
1082,001100019,78.0,0.19,51.3,337.5,0.0075,0.09,0.0,0.42,91.463,0.022,,,,0.22,950.0,2.07,,,
1083,001100020,78.0,0.19,51.3,337.5,0.0075,0.09,0.0,0.42,60.976,0.077,,,,0.22,950.0,2.07,,,
1084,001100021,78.0,0.19,51.3,337.5,0.0075,0.09,0.0,0.42,15.244,0.247,,,,0.22,950.0,2.07,,,
1085,001100022,78.0,0.19,51.3,337.5,0.0075,0.09,0.0,0.42,18.293,0.173,,,,0.22,950.0,2.07,,,
1086,001100023,78.0,0.19,51.3,337.5,0.0075,0.09,0.0,0.42,9.146,0.372,,,,0.22,950.0,2.07,,,
1087,001110000,,,,,,,,,,,,,,,,,0.17,78.75,0.35
1088,001110001,78.0,0.19,51.3,337.5,0.0075,0.09,0.0,0.42,121.951,0.012,,,,0.22,950.0,2.07,,,
1089,001110002,78.0,0.19,51.3,337.5,0.0075,0.09,0.0,0.42,24.39,0.122,,,,0.22,950.0,2.07,,,
1090,001110003,78.0,0.19,51.3,337.5,0.0075,0.09,0.0,0.42,60.976,0.073,,,,0.22,950.0,2.07,,,
1091,001110004,78.0,0.19,51.3,337.5,0.0075,0.09,0.0,0.42,121.951,0.019,,,,0.22,950.0,2.07,,,
1092,001110005,78.0,0.19,51.3,337.5,0.0075,0.09,0.0,0.42,60.976,0.074,,,,0.22,950.0,2.07,,,
1093,001110006,78.0,0.19,51.3,337.5,0.0075,0.09,0.0,0.42,24.39,0.123,,,,0.22,950.0,2.07,,,
1094,001110007,78.0,0.19,51.3,337.5,0.0075,0.09,0.0,0.42,15.244,0.248,,,,0.22,950.0,2.07,,,
1095,001110008,78.0,0.19,51.3,337.5,0.0075,0.09,0.0,0.42,18.293,0.174,,,,0.22,950.0,2.07,,,
1096,001110009,78.0,0.19,51.3,337.5,0.0075,0.09,0.0,0.42,9.146,0.379,,,,0.22,950.0,2.07,,,
1097,001110010,78.0,0.19,51.3,337.5,0.0075,0.09,0.0,0.42,121.951,0.019,,,,0.22,950.0,2.07,,,
1098,001110011,78.0,0.19,51.3,337.5,0.0075,0.09,0.0,0.42,60.976,0.07,,,,0.22,950.0,2.07,,,
1099,001120000,,,,,,,,,,,,,,,,,0.17,78.75,0.35
1100,001120001,78.0,0.19,51.3,337.5,0.0075,0.09,0.0,0.42,18.293,0.174,,,,0.22,950.0,2.07,,,
1101,001120002,78.0,0.19,51.3,337.5,0.0075,0.09,0.0,0.42,15.244,0.248,,,,0.22,950.0,2.07,,,
1102,001120003,78.0,0.19,51.3,337.5,0.0075,0.09,0.0,0.42,121.951,0.016,,,,0.22,950.0,2.07,,,
1103,001120004,78.0,0.19,51.3,337.5,0.0075,0.09,0.0,0.42,24.39,0.126,,,,0.22,950.0,2.07,,,
1104,001120005,78.0,0.19,51.3,337.5,0.0075,0.09,0.0,0.42,9.146,0.362,,,,0.22,950.0,2.07,,,
1105,001120006,78.0,0.19,51.3,337.5,0.0075,0.09,0.0,0.42,15.244,0.249,,,,0.22,950.0,2.07,,,
1106,001120007,78.0,0.19,51.3,337.5,0.0075,0.09,0.0,0.42,121.951,0.013,,,,0.22,950.0,2.07,,,
1107,001120008,78.0,0.19,51.3,337.5,0.0075,0.09,0.0,0.42,9.146,0.385,,,,0.22,950.0,2.07,,,
1108,001120009,78.0,0.19,51.3,337.5,0.0075,0.09,0.0,0.42,9.146,0.604,,,,0.22,950.0,2.07,,,
1109,001130000,,,,,,,,,,,,,,,,,0.17,78.75,0.35
1110,001130001,78.0,0.19,51.3,337.5,0.0075,0.09,0.0,0.42,24.39,0.123,,,,0.22,950.0,2.07,,,
1111,001130002,78.0,0.19,51.3,337.5,0.0075,0.09,0.0,0.42,121.951,0.011,,,,0.22,950.0,2.07,,,
1112,001130003,78.0,0.19,51.3,337.5,0.0075,0.09,0.0,0.42,60.976,0.077,,,,0.22,950.0,2.07,,,
1113,001130004,78.0,0.19,51.3,337.5,0.0075,0.09,0.0,0.42,18.293,0.174,,,,0.22,950.0,2.07,,,
1114,001130005,78.0,0.19,51.3,337.5,0.0075,0.09,0.0,0.42,15.244,0.242,,,,0.22,950.0,2.07,,,
1115,001130006,78.0,0.19,51.3,337.5,0.0075,0.09,0.0,0.42,9.146,0.359,,,,0.22,950.0,2.07,,,
1116,001130007,78.0,0.19,51.3,337.5,0.0075,0.09,0.0,0.42,24.39,0.125,,,,0.22,950.0,2.07,,,
1117,001130008,78.0,0.19,51.3,337.5,0.0075,0.09,0.0,0.42,18.293,0.174,,,,0.22,950.0,2.07,,,
1118,001130009,78.0,0.19,51.3,337.5,0.0075,0.09,0.0,0.42,121.951,0.015,,,,0.22,950.0,2.07,,,
1119,001130010,78.0,0.19,51.3,337.5,0.0075,0.09,0.0,0.42,60.976,0.075,,,,0.22,950.0,2.07,,,
1120,001130011,78.0,0.19,51.3,337.5,0.0075,0.09,0.0,0.42,15.244,0.237,,,,0.22,950.0,2.07,,,
1121,001140000,,,,,,,,,,,,,,,,,0.17,78.75,0.35
1122,001140001,78.0,0.19,51.3,337.5,0.0075,0.09,0.0,0.42,9.146,0.389,,,,0.22,950.0,2.07,,,
1123,001140002,78.0,0.19,51.3,337.5,0.0075,0.09,0.0,0.42,9.146,0.251,,,,0.22,950.0,2.07,,,
1124,001140003,78.0,0.19,51.3,337.5,0.0075,0.09,0.0,0.42,9.146,0.65,,,,0.22,950.0,2.07,,,
1125,001140004,78.0,0.19,51.3,337.5,0.0075,0.09,0.0,0.42,9.146,0.589,,,,0.22,950.0,2.07,,,
1126,001140005,78.0,0.19,51.3,337.5,0.0075,0.09,0.0,0.42,9.146,0.39,,,,0.22,950.0,2.07,,,
1127,001140006,78.0,0.19,51.3,337.5,0.0075,0.09,0.0,0.42,9.146,0.25,,,,0.22,950.0,2.07,,,
1128,001140007,78.0,0.19,51.3,337.5,0.0075,0.09,0.0,0.42,60.976,0.073,,,,0.22,950.0,2.07,,,
1129,001140008,78.0,0.19,51.3,337.5,0.0075,0.09,0.0,0.42,24.39,0.125,,,,0.22,950.0,2.07,,,
1130,001140009,78.0,0.19,51.3,337.5,0.0075,0.09,0.0,0.42,121.951,0.013,,,,0.22,950.0,2.07,,,
1131,001140010,78.0,0.19,51.3,337.5,0.0075,0.09,0.0,0.42,18.293,0.173,,,,0.22,950.0,2.07,,,
1132,001140011,78.0,0.19,51.3,337.5,0.0075,0.09,0.0,0.42,15.244,0.243,,,,0.22,950.0,2.07,,,
1133,001140012,78.0,0.19,51.3,337.5,0.0075,0.09,0.0,0.42,9.146,0.368,,,,0.22,950.0,2.07,,,
1134,001140013,78.0,0.19,51.3,337.5,0.0075,0.09,0.0,0.42,15.244,0.246,,,,0.22,950.0,2.07,,,
1135,001140014,78.0,0.19,51.3,337.5,0.0075,0.09,0.0,0.42,24.39,0.122,,,,0.22,950.0,2.07,,,
1136,001140015,78.0,0.19,51.3,337.5,0.0075,0.09,0.0,0.42,60.976,0.072,,,,0.22,950.0,2.07,,,
1137,001140016,78.0,0.19,51.3,337.5,0.0075,0.09,0.0,0.42,9.146,0.385,,,,0.22,950.0,2.07,,,
1138,001140017,78.0,0.19,51.3,337.5,0.0075,0.09,0.0,0.42,121.951,0.014,,,,0.22,950.0,2.07,,,
1139,001150000,,,,,,,,,,,,,,,,,0.17,78.75,0.35
1140,001150001,78.0,0.19,51.3,337.5,0.0075,0.09,0.0,0.42,24.39,0.12,,,,0.22,950.0,2.07,,,
1141,001150002,78.0,0.19,51.3,337.5,0.0075,0.09,0.0,0.42,60.976,0.072,,,,0.22,950.0,2.07,,,
1142,001150003,78.0,0.19,51.3,337.5,0.0075,0.09,0.0,0.42,91.463,0.02,,,,0.22,950.0,2.07,,,
1143,001150004,78.0,0.19,51.3,337.5,0.0075,0.09,0.0,0.42,24.39,0.123,,,,0.22,950.0,2.07,,,
1144,001150005,78.0,0.19,51.3,337.5,0.0075,0.09,0.0,0.42,60.976,0.075,,,,0.22,950.0,2.07,,,
1145,001150006,78.0,0.19,51.3,337.5,0.0075,0.09,0.0,0.42,15.244,0.241,,,,0.22,950.0,2.07,,,
1146,001150007,78.0,0.19,51.3,337.5,0.0075,0.09,0.0,0.42,121.951,0.019,,,,0.22,950.0,2.07,,,
1147,001160000,,,,,,,,,,,,,,,,,0.17,78.75,0.35
1148,001160001,78.0,0.19,51.3,337.5,0.0075,0.09,0.0,0.42,91.463,0.023,,,,0.22,950.0,2.07,,,
1149,001160002,78.0,0.19,51.3,337.5,0.0075,0.09,0.0,0.42,60.976,0.072,,,,0.22,950.0,2.07,,,
1150,001160003,78.0,0.19,51.3,337.5,0.0075,0.09,0.0,0.42,60.976,0.119,,,,0.22,950.0,2.07,,,
1151,001160004,78.0,0.19,51.3,337.5,0.0075,0.09,0.0,0.42,60.976,0.072,,,,0.22,950.0,2.07,,,
1152,001160005,78.0,0.19,51.3,337.5,0.0075,0.09,0.0,0.42,91.463,0.023,,,,0.22,950.0,2.07,,,
1153,001160006,78.0,0.19,51.3,337.5,0.0075,0.09,0.0,0.42,24.39,0.122,,,,0.22,950.0,2.07,,,
1154,001160007,78.0,0.19,51.3,337.5,0.0075,0.09,0.0,0.42,15.244,0.245,,,,0.22,950.0,2.07,,,
1155,001160008,78.0,0.19,51.3,337.5,0.0075,0.09,0.0,0.42,9.146,0.384,,,,0.22,950.0,2.07,,,
1156,001170000,,,,,,,,,,,,,,,,,0.17,78.75,0.35
1157,001170001,78.0,0.19,51.3,337.5,0.0075,0.09,0.0,0.42,9.146,0.366,,,,0.22,950.0,2.07,,,
1158,001170002,78.0,0.19,51.3,337.5,0.0075,0.09,0.0,0.42,15.244,0.248,,,,0.22,950.0,2.07,,,
1159,001170003,78.0,0.19,51.3,337.5,0.0075,0.09,0.0,0.42,24.39,0.124,,,,0.22,950.0,2.07,,,
1160,001170004,78.0,0.19,51.3,337.5,0.0075,0.09,0.0,0.42,121.951,0.017,,,,0.22,950.0,2.07,,,
1161,001170005,78.0,0.19,51.3,337.5,0.0075,0.09,0.0,0.42,18.293,0.174,,,,0.22,950.0,2.07,,,
1162,001170006,78.0,0.19,51.3,337.5,0.0075,0.09,0.0,0.42,60.976,0.073,,,,0.22,950.0,2.07,,,
1163,001170007,78.0,0.19,51.3,337.5,0.0075,0.09,0.0,0.42,121.951,0.019,,,,0.22,950.0,2.07,,,
1164,001170008,78.0,0.19,51.3,337.5,0.0075,0.09,0.0,0.42,24.39,0.123,,,,0.22,950.0,2.07,,,
1165,001170009,78.0,0.19,51.3,337.5,0.0075,0.09,0.0,0.42,18.293,0.173,,,,0.22,950.0,2.07,,,
1166,001170010,78.0,0.19,51.3,337.5,0.0075,0.09,0.0,0.42,15.244,0.242,,,,0.22,950.0,2.07,,,
1167,001170011,78.0,0.19,51.3,337.5,0.0075,0.09,0.0,0.42,121.951,0.02,,,,0.22,950.0,2.07,,,
1168,001170012,78.0,0.19,51.3,337.5,0.0075,0.09,0.0,0.42,24.39,0.125,,,,0.22,950.0,2.07,,,
1169,001170013,78.0,0.19,51.3,337.5,0.0075,0.09,0.0,0.42,60.976,0.073,,,,0.22,950.0,2.07,,,
1170,001170014,78.0,0.19,51.3,337.5,0.0075,0.09,0.0,0.42,15.244,0.239,,,,0.22,950.0,2.07,,,
1171,001170015,78.0,0.19,51.3,337.5,0.0075,0.09,0.0,0.42,15.244,0.237,,,,0.22,950.0,2.07,,,
1172,001170016,78.0,0.19,51.3,337.5,0.0075,0.09,0.0,0.42,24.39,0.121,,,,0.22,950.0,2.07,,,
1173,001170017,78.0,0.19,51.3,337.5,0.0075,0.09,0.0,0.42,121.951,0.019,,,,0.22,950.0,2.07,,,
1174,001170018,78.0,0.19,51.3,337.5,0.0075,0.09,0.0,0.42,60.976,0.072,,,,0.22,950.0,2.07,,,
1175,001170019,78.0,0.19,51.3,337.5,0.0075,0.09,0.0,0.42,24.39,0.121,,,,0.22,950.0,2.07,,,
1176,001170020,78.0,0.19,51.3,337.5,0.0075,0.09,0.0,0.42,60.976,0.073,,,,0.22,950.0,2.07,,,
1177,001170021,78.0,0.19,51.3,337.5,0.0075,0.09,0.0,0.42,91.463,0.026,,,,0.22,950.0,2.07,,,
1178,001180000,,,,,,,,,,,,,,,,,0.17,78.75,0.35
1179,001180001,78.0,0.19,51.3,337.5,0.0075,0.09,0.0,0.42,91.463,0.025,,,,0.22,950.0,2.07,,,
1180,001180002,78.0,0.19,51.3,337.5,0.0075,0.09,0.0,0.42,60.976,0.068,,,,0.22,950.0,2.07,,,
1181,001190000,,,,,,,,,,,,,,,,,0.17,78.75,0.35
1182,001190001,78.0,0.19,51.3,337.5,0.0075,0.09,0.0,0.42,121.951,0.012,,,,0.22,950.0,2.07,,,
1183,001190002,78.0,0.19,51.3,337.5,0.0075,0.09,0.0,0.42,15.244,0.246,,,,0.22,950.0,2.07,,,
1184,001190003,78.0,0.19,51.3,337.5,0.0075,0.09,0.0,0.42,60.976,0.073,,,,0.22,950.0,2.07,,,
1185,001190004,78.0,0.19,51.3,337.5,0.0075,0.09,0.0,0.42,24.39,0.121,,,,0.22,950.0,2.07,,,
1186,001190005,78.0,0.19,51.3,337.5,0.0075,0.09,0.0,0.42,9.146,0.25,,,,0.22,950.0,2.07,,,
1187,001190006,78.0,0.19,51.3,337.5,0.0075,0.09,0.0,0.42,9.146,0.393,,,,0.22,950.0,2.07,,,
1188,001190007,78.0,0.19,51.3,337.5,0.0075,0.09,0.0,0.42,9.146,0.585,,,,0.22,950.0,2.07,,,
1189,001200000,,,,,,,,,,,,,,,,,0.17,78.75,0.35
1190,001200001,78.0,0.19,51.3,337.5,0.0075,0.09,0.0,0.42,9.146,0.395,,,,0.22,950.0,2.07,,,
1191,001200002,78.0,0.19,51.3,337.5,0.0075,0.09,0.0,0.42,9.146,0.59,,,,0.22,950.0,2.07,,,
1192,001200003,78.0,0.19,51.3,337.5,0.0075,0.09,0.0,0.42,9.146,0.251,,,,0.22,950.0,2.07,,,
1193,001210000,,,,,,,,,,,,,,,,,0.17,78.75,0.35
1194,001210001,78.0,0.19,51.3,337.5,0.0075,0.09,0.0,0.42,15.244,0.25,,,,0.22,950.0,2.07,,,
1195,001210002,78.0,0.19,51.3,337.5,0.0075,0.09,0.0,0.42,9.146,0.395,,,,0.22,950.0,2.07,,,
1196,001210003,78.0,0.19,51.3,337.5,0.0075,0.09,0.0,0.42,9.146,0.6,,,,0.22,950.0,2.07,,,
1197,001220000,,,,,,,,,,,,,,,,,0.17,78.75,0.35
1198,001220001,78.0,0.19,51.3,337.5,0.0075,0.09,0.0,0.42,91.463,0.024,,,,0.22,950.0,2.07,,,
1199,001220002,78.0,0.19,51.3,337.5,0.0075,0.09,0.0,0.42,60.976,0.073,,,,0.22,950.0,2.07,,,
1200,001220003,78.0,0.19,51.3,337.5,0.0075,0.09,0.0,0.42,24.39,0.121,,,,0.22,950.0,2.07,,,
1201,001220004,78.0,0.19,51.3,337.5,0.0075,0.09,0.0,0.42,60.976,0.072,,,,0.22,950.0,2.07,,,
1202,001220005,78.0,0.19,51.3,337.5,0.0075,0.09,0.0,0.42,91.463,0.022,,,,0.22,950.0,2.07,,,
1203,001220006,78.0,0.19,51.3,337.5,0.0075,0.09,0.0,0.42,15.244,0.245,,,,0.22,950.0,2.07,,,
1204,001220007,78.0,0.19,51.3,337.5,0.0075,0.09,0.0,0.42,24.39,0.122,,,,0.22,950.0,2.07,,,
1205,001220008,78.0,0.19,51.3,337.5,0.0075,0.09,0.0,0.42,9.146,0.383,,,,0.22,950.0,2.07,,,
1206,001220009,78.0,0.19,51.3,337.5,0.0075,0.09,0.0,0.42,9.146,0.253,,,,0.22,950.0,2.07,,,
1207,001220010,78.0,0.19,51.3,337.5,0.0075,0.09,0.0,0.42,9.146,0.388,,,,0.22,950.0,2.07,,,
1208,001220011,78.0,0.19,51.3,337.5,0.0075,0.09,0.0,0.42,9.146,0.576,,,,0.22,950.0,2.07,,,
1209,001230000,,,,,,,,,,,,,,,,,0.17,78.75,0.35
1210,001230001,78.0,0.19,51.3,337.5,0.0075,0.09,0.0,0.42,60.976,0.072,,,,0.22,950.0,2.07,,,
1211,001230002,78.0,0.19,51.3,337.5,0.0075,0.09,0.0,0.42,91.463,0.027,,,,0.22,950.0,2.07,,,
1212,001230003,78.0,0.19,51.3,337.5,0.0075,0.09,0.0,0.42,60.976,0.116,,,,0.22,950.0,2.07,,,
1213,001230004,78.0,0.19,51.3,337.5,0.0075,0.09,0.0,0.42,91.463,0.031,,,,0.22,950.0,2.07,,,
1214,001230005,78.0,0.19,51.3,337.5,0.0075,0.09,0.0,0.42,60.976,0.072,,,,0.22,950.0,2.07,,,
1215,001230006,78.0,0.19,51.3,337.5,0.0075,0.09,0.0,0.42,60.976,0.116,,,,0.22,950.0,2.07,,,
1216,001230007,78.0,0.19,51.3,337.5,0.0075,0.09,0.0,0.42,91.463,0.026,,,,0.22,950.0,2.07,,,
1217,001230008,78.0,0.19,51.3,337.5,0.0075,0.09,0.0,0.42,60.976,0.072,,,,0.22,950.0,2.07,,,
1218,001230009,78.0,0.19,51.3,337.5,0.0075,0.09,0.0,0.42,60.976,0.119,,,,0.22,950.0,2.07,,,
1219,001240000,,,,,,,,,,,,,,,,,0.17,78.75,0.35
1220,001240001,78.0,0.19,51.3,337.5,0.0075,0.09,0.0,0.42,60.976,0.067,,,,0.22,950.0,2.07,,,
1221,001240002,78.0,0.19,51.3,337.5,0.0075,0.09,0.0,0.42,91.463,0.023,,,,0.22,950.0,2.07,,,
1222,001240003,78.0,0.19,51.3,337.5,0.0075,0.09,0.0,0.42,91.463,0.022,,,,0.22,950.0,2.07,,,
1223,001240004,78.0,0.19,51.3,337.5,0.0075,0.09,0.0,0.42,60.976,0.066,,,,0.22,950.0,2.07,,,
1224,001240005,78.0,0.19,51.3,337.5,0.0075,0.09,0.0,0.42,121.951,0.019,,,,0.22,950.0,2.07,,,
1225,001240006,78.0,0.19,51.3,337.5,0.0075,0.09,0.0,0.42,60.976,0.074,,,,0.22,950.0,2.07,,,
1226,001240007,78.0,0.19,51.3,337.5,0.0075,0.09,0.0,0.42,18.293,0.173,,,,0.22,950.0,2.07,,,
1227,001240008,78.0,0.19,51.3,337.5,0.0075,0.09,0.0,0.42,15.244,0.243,,,,0.22,950.0,2.07,,,
1228,001240009,78.0,0.19,51.3,337.5,0.0075,0.09,0.0,0.42,24.39,0.123,,,,0.22,950.0,2.07,,,
1229,001240010,78.0,0.19,51.3,337.5,0.0075,0.09,0.0,0.42,9.146,0.372,,,,0.22,950.0,2.07,,,
1230,001240011,78.0,0.19,51.3,337.5,0.0075,0.09,0.0,0.42,15.244,0.247,,,,0.22,950.0,2.07,,,
1231,001240012,78.0,0.19,51.3,337.5,0.0075,0.09,0.0,0.42,24.39,0.124,,,,0.22,950.0,2.07,,,
1232,001240013,78.0,0.19,51.3,337.5,0.0075,0.09,0.0,0.42,60.976,0.074,,,,0.22,950.0,2.07,,,
1233,001240014,78.0,0.19,51.3,337.5,0.0075,0.09,0.0,0.42,18.293,0.174,,,,0.22,950.0,2.07,,,
1234,001240015,78.0,0.19,51.3,337.5,0.0075,0.09,0.0,0.42,121.951,0.018,,,,0.22,950.0,2.07,,,
1235,001250000,,,,,,,,,,,,,,,,,0.17,78.75,0.35
1236,001250001,78.0,0.19,51.3,337.5,0.0075,0.09,0.0,0.42,15.244,0.244,,,,0.22,950.0,2.07,,,
1237,001250002,78.0,0.19,51.3,337.5,0.0075,0.09,0.0,0.42,121.951,0.016,,,,0.22,950.0,2.07,,,
1238,001250003,78.0,0.19,51.3,337.5,0.0075,0.09,0.0,0.42,60.976,0.072,,,,0.22,950.0,2.07,,,
1239,001250004,78.0,0.19,51.3,337.5,0.0075,0.09,0.0,0.42,121.951,0.018,,,,0.22,950.0,2.07,,,
1240,001250005,78.0,0.19,51.3,337.5,0.0075,0.09,0.0,0.42,60.976,0.072,,,,0.22,950.0,2.07,,,
1241,001250006,78.0,0.19,51.3,337.5,0.0075,0.09,0.0,0.42,24.39,0.123,,,,0.22,950.0,2.07,,,
1242,001250007,78.0,0.19,51.3,337.5,0.0075,0.09,0.0,0.42,15.244,0.245,,,,0.22,950.0,2.07,,,
1243,001250008,78.0,0.19,51.3,337.5,0.0075,0.09,0.0,0.42,9.146,0.374,,,,0.22,950.0,2.07,,,
1244,001250009,78.0,0.19,51.3,337.5,0.0075,0.09,0.0,0.42,121.951,0.019,,,,0.22,950.0,2.07,,,
1245,001250010,78.0,0.19,51.3,337.5,0.0075,0.09,0.0,0.42,60.976,0.067,,,,0.22,950.0,2.07,,,
1246,001250011,78.0,0.19,51.3,337.5,0.0075,0.09,0.0,0.42,15.244,0.248,,,,0.22,950.0,2.07,,,
1247,001250012,78.0,0.19,51.3,337.5,0.0075,0.09,0.0,0.42,9.146,0.393,,,,0.22,950.0,2.07,,,
1248,001250013,78.0,0.19,51.3,337.5,0.0075,0.09,0.0,0.42,9.146,0.603,,,,0.22,950.0,2.07,,,
1249,001260000,,,,,,,,,,,,,,,,,0.17,78.75,0.35
1250,001260001,78.0,0.19,51.3,337.5,0.0075,0.09,0.0,0.42,15.244,0.249,,,,0.22,950.0,2.07,,,
1251,001260002,78.0,0.19,51.3,337.5,0.0075,0.09,0.0,0.42,18.293,0.174,,,,0.22,950.0,2.07,,,
1252,001260003,78.0,0.19,51.3,337.5,0.0075,0.09,0.0,0.42,9.146,0.373,,,,0.22,950.0,2.07,,,
1253,001260004,78.0,0.19,51.3,337.5,0.0075,0.09,0.0,0.42,24.39,0.122,,,,0.22,950.0,2.07,,,
1254,001260005,78.0,0.19,51.3,337.5,0.0075,0.09,0.0,0.42,121.951,0.02,,,,0.22,950.0,2.07,,,
1255,001260006,78.0,0.19,51.3,337.5,0.0075,0.09,0.0,0.42,60.976,0.074,,,,0.22,950.0,2.07,,,
1256,001260007,78.0,0.19,51.3,337.5,0.0075,0.09,0.0,0.42,15.244,0.245,,,,0.22,950.0,2.07,,,
1257,001260008,78.0,0.19,51.3,337.5,0.0075,0.09,0.0,0.42,9.146,0.374,,,,0.22,950.0,2.07,,,
1258,001260009,78.0,0.19,51.3,337.5,0.0075,0.09,0.0,0.42,60.976,0.073,,,,0.22,950.0,2.07,,,
1259,001260010,78.0,0.19,51.3,337.5,0.0075,0.09,0.0,0.42,24.39,0.121,,,,0.22,950.0,2.07,,,
1260,001260011,78.0,0.19,51.3,337.5,0.0075,0.09,0.0,0.42,121.951,0.02,,,,0.22,950.0,2.07,,,
1261,001260012,78.0,0.19,51.3,337.5,0.0075,0.09,0.0,0.42,24.39,0.123,,,,0.22,950.0,2.07,,,
1262,001260013,78.0,0.19,51.3,337.5,0.0075,0.09,0.0,0.42,15.244,0.241,,,,0.22,950.0,2.07,,,
1263,001260014,78.0,0.19,51.3,337.5,0.0075,0.09,0.0,0.42,60.976,0.071,,,,0.22,950.0,2.07,,,
1264,001260015,78.0,0.19,51.3,337.5,0.0075,0.09,0.0,0.42,91.463,0.021,,,,0.22,950.0,2.07,,,
1265,001260016,78.0,0.19,51.3,337.5,0.0075,0.09,0.0,0.42,121.951,0.019,,,,0.22,950.0,2.07,,,
1266,001260017,78.0,0.19,51.3,337.5,0.0075,0.09,0.0,0.42,60.976,0.07,,,,0.22,950.0,2.07,,,
1267,001260018,78.0,0.19,51.3,337.5,0.0075,0.09,0.0,0.42,15.244,0.244,,,,0.22,950.0,2.07,,,
1268,001260019,78.0,0.19,51.3,337.5,0.0075,0.09,0.0,0.42,9.146,0.396,,,,0.22,950.0,2.07,,,
1269,001260020,78.0,0.19,51.3,337.5,0.0075,0.09,0.0,0.42,9.146,0.607,,,,0.22,950.0,2.07,,,
1270,001260021,78.0,0.19,51.3,337.5,0.0075,0.09,0.0,0.42,18.293,0.174,,,,0.22,950.0,2.07,,,
1271,001260022,78.0,0.19,51.3,337.5,0.0075,0.09,0.0,0.42,24.39,0.125,,,,0.22,950.0,2.07,,,
1272,001260023,78.0,0.19,51.3,337.5,0.0075,0.09,0.0,0.42,15.244,0.248,,,,0.22,950.0,2.07,,,
1273,001260024,78.0,0.19,51.3,337.5,0.0075,0.09,0.0,0.42,9.146,0.395,,,,0.22,950.0,2.07,,,
1274,001260025,78.0,0.19,51.3,337.5,0.0075,0.09,0.0,0.42,9.146,0.613,,,,0.22,950.0,2.07,,,
1275,001270000,,,,,,,,,,,,,,,,,0.17,78.75,0.35
1276,001270001,78.0,0.19,51.3,337.5,0.0075,0.09,0.0,0.42,91.463,0.024,,,,0.22,950.0,2.07,,,
1277,001270002,78.0,0.19,51.3,337.5,0.0075,0.09,0.0,0.42,60.976,0.072,,,,0.22,950.0,2.07,,,
1278,001270003,78.0,0.19,51.3,337.5,0.0075,0.09,0.0,0.42,24.39,0.121,,,,0.22,950.0,2.07,,,
1279,001270004,78.0,0.19,51.3,337.5,0.0075,0.09,0.0,0.42,60.976,0.073,,,,0.22,950.0,2.07,,,
1280,001270005,78.0,0.19,51.3,337.5,0.0075,0.09,0.0,0.42,60.976,0.12,,,,0.22,950.0,2.07,,,
1281,001270006,78.0,0.19,51.3,337.5,0.0075,0.09,0.0,0.42,91.463,0.024,,,,0.22,950.0,2.07,,,
1282,001270007,78.0,0.19,51.3,337.5,0.0075,0.09,0.0,0.42,24.39,0.122,,,,0.22,950.0,2.07,,,
1283,001270008,78.0,0.19,51.3,337.5,0.0075,0.09,0.0,0.42,60.976,0.074,,,,0.22,950.0,2.07,,,
1284,001270009,78.0,0.19,51.3,337.5,0.0075,0.09,0.0,0.42,18.293,0.175,,,,0.22,950.0,2.07,,,
1285,001270010,78.0,0.19,51.3,337.5,0.0075,0.09,0.0,0.42,91.463,0.021,,,,0.22,950.0,2.07,,,
1286,001270011,78.0,0.19,51.3,337.5,0.0075,0.09,0.0,0.42,15.244,0.247,,,,0.22,950.0,2.07,,,
1287,001270012,78.0,0.19,51.3,337.5,0.0075,0.09,0.0,0.42,9.146,0.363,,,,0.22,950.0,2.07,,,
1288,001270013,78.0,0.19,51.3,337.5,0.0075,0.09,0.0,0.42,9.146,0.356,,,,0.22,950.0,2.07,,,
1289,001270014,78.0,0.19,51.3,337.5,0.0075,0.09,0.0,0.42,18.293,0.173,,,,0.22,950.0,2.07,,,
1290,001270015,78.0,0.19,51.3,337.5,0.0075,0.09,0.0,0.42,91.463,0.024,,,,0.22,950.0,2.07,,,
1291,001270016,78.0,0.19,51.3,337.5,0.0075,0.09,0.0,0.42,15.244,0.248,,,,0.22,950.0,2.07,,,
1292,001270017,78.0,0.19,51.3,337.5,0.0075,0.09,0.0,0.42,60.976,0.073,,,,0.22,950.0,2.07,,,
1293,001270018,78.0,0.19,51.3,337.5,0.0075,0.09,0.0,0.42,24.39,0.122,,,,0.22,950.0,2.07,,,
1294,001270019,78.0,0.19,51.3,337.5,0.0075,0.09,0.0,0.42,24.39,0.121,,,,0.22,950.0,2.07,,,
1295,001270020,78.0,0.19,51.3,337.5,0.0075,0.09,0.0,0.42,15.244,0.241,,,,0.22,950.0,2.07,,,
1296,001270021,78.0,0.19,51.3,337.5,0.0075,0.09,0.0,0.42,18.293,0.172,,,,0.22,950.0,2.07,,,
1297,001270022,78.0,0.19,51.3,337.5,0.0075,0.09,0.0,0.42,91.463,0.022,,,,0.22,950.0,2.07,,,
1298,001270023,78.0,0.19,51.3,337.5,0.0075,0.09,0.0,0.42,60.976,0.074,,,,0.22,950.0,2.07,,,
1299,001280000,,,,,,,,,,,,,,,,,0.17,78.75,0.35
1300,001280001,78.0,0.19,51.3,337.5,0.0075,0.09,0.0,0.42,60.976,0.072,,,,0.22,950.0,2.07,,,
1301,001280002,78.0,0.19,51.3,337.5,0.0075,0.09,0.0,0.42,15.244,0.242,,,,0.22,950.0,2.07,,,
1302,001280003,78.0,0.19,51.3,337.5,0.0075,0.09,0.0,0.42,18.293,0.173,,,,0.22,950.0,2.07,,,
1303,001280004,78.0,0.19,51.3,337.5,0.0075,0.09,0.0,0.42,24.39,0.122,,,,0.22,950.0,2.07,,,
1304,001280005,78.0,0.19,51.3,337.5,0.0075,0.09,0.0,0.42,91.463,0.024,,,,0.22,950.0,2.07,,,
1305,001280006,78.0,0.19,51.3,337.5,0.0075,0.09,0.0,0.42,121.951,0.019,,,,0.22,950.0,2.07,,,
1306,001280007,78.0,0.19,51.3,337.5,0.0075,0.09,0.0,0.42,60.976,0.074,,,,0.22,950.0,2.07,,,
1307,001280008,78.0,0.19,51.3,337.5,0.0075,0.09,0.0,0.42,24.39,0.122,,,,0.22,950.0,2.07,,,
1308,001280009,78.0,0.19,51.3,337.5,0.0075,0.09,0.0,0.42,60.976,0.119,,,,0.22,950.0,2.07,,,
1309,001280010,78.0,0.19,51.3,337.5,0.0075,0.09,0.0,0.42,60.976,0.071,,,,0.22,950.0,2.07,,,
1310,001280011,78.0,0.19,51.3,337.5,0.0075,0.09,0.0,0.42,91.463,0.025,,,,0.22,950.0,2.07,,,
1311,001280012,78.0,0.19,51.3,337.5,0.0075,0.09,0.0,0.42,60.976,0.118,,,,0.22,950.0,2.07,,,
1312,001280013,78.0,0.19,51.3,337.5,0.0075,0.09,0.0,0.42,60.976,0.073,,,,0.22,950.0,2.07,,,
1313,001280014,78.0,0.19,51.3,337.5,0.0075,0.09,0.0,0.42,91.463,0.025,,,,0.22,950.0,2.07,,,
1314,001280015,78.0,0.19,51.3,337.5,0.0075,0.09,0.0,0.42,60.976,0.073,,,,0.22,950.0,2.07,,,
1315,001280016,78.0,0.19,51.3,337.5,0.0075,0.09,0.0,0.42,121.951,0.018,,,,0.22,950.0,2.07,,,
1316,001280017,78.0,0.19,51.3,337.5,0.0075,0.09,0.0,0.42,60.976,0.119,,,,0.22,950.0,2.07,,,
1317,001280018,78.0,0.19,51.3,337.5,0.0075,0.09,0.0,0.42,9.146,0.251,,,,0.22,950.0,2.07,,,
1318,001280019,78.0,0.19,51.3,337.5,0.0075,0.09,0.0,0.42,9.146,0.379,,,,0.22,950.0,2.07,,,
1319,001290000,,,,,,,,,,,,,,,,,0.17,78.75,0.35
1320,001290001,78.0,0.19,51.3,337.5,0.0075,0.09,0.0,0.42,15.244,0.247,,,,0.22,950.0,2.07,,,
1321,001290002,78.0,0.19,51.3,337.5,0.0075,0.09,0.0,0.42,24.39,0.124,,,,0.22,950.0,2.07,,,
1322,001290003,78.0,0.19,51.3,337.5,0.0075,0.09,0.0,0.42,18.293,0.175,,,,0.22,950.0,2.07,,,
1323,001290004,78.0,0.19,51.3,337.5,0.0075,0.09,0.0,0.42,9.146,0.38,,,,0.22,950.0,2.07,,,
1324,001290005,78.0,0.19,51.3,337.5,0.0075,0.09,0.0,0.42,60.976,0.075,,,,0.22,950.0,2.07,,,
1325,001290006,78.0,0.19,51.3,337.5,0.0075,0.09,0.0,0.42,91.463,0.023,,,,0.22,950.0,2.07,,,
1326,001290007,78.0,0.19,51.3,337.5,0.0075,0.09,0.0,0.42,9.146,0.39,,,,0.22,950.0,2.07,,,
1327,001290008,78.0,0.19,51.3,337.5,0.0075,0.09,0.0,0.42,24.39,0.121,,,,0.22,950.0,2.07,,,
1328,001290009,78.0,0.19,51.3,337.5,0.0075,0.09,0.0,0.42,60.976,0.071,,,,0.22,950.0,2.07,,,
1329,001290010,78.0,0.19,51.3,337.5,0.0075,0.09,0.0,0.42,121.951,0.019,,,,0.22,950.0,2.07,,,
1330,001300000,,,,,,,,,,,,,,,,,0.17,78.75,0.35
1331,001300001,78.0,0.19,51.3,337.5,0.0075,0.09,0.0,0.42,60.976,0.12,,,,0.22,950.0,2.07,,,
1332,001300002,78.0,0.19,51.3,337.5,0.0075,0.09,0.0,0.42,60.976,0.075,,,,0.22,950.0,2.07,,,
1333,001300003,78.0,0.19,51.3,337.5,0.0075,0.09,0.0,0.42,91.463,0.026,,,,0.22,950.0,2.07,,,
1334,001310000,,,,,,,,,,,,,,,,,0.17,78.75,0.35
1335,001310001,78.0,0.19,51.3,337.5,0.0075,0.09,0.0,0.42,91.463,0.024,,,,0.22,950.0,2.07,,,
1336,001310002,78.0,0.19,51.3,337.5,0.0075,0.09,0.0,0.42,24.39,0.124,,,,0.22,950.0,2.07,,,
1337,001310003,78.0,0.19,51.3,337.5,0.0075,0.09,0.0,0.42,60.976,0.074,,,,0.22,950.0,2.07,,,
1338,001310004,78.0,0.19,51.3,337.5,0.0075,0.09,0.0,0.42,15.244,0.248,,,,0.22,950.0,2.07,,,
1339,001310005,78.0,0.19,51.3,337.5,0.0075,0.09,0.0,0.42,9.146,0.387,,,,0.22,950.0,2.07,,,
1340,001310006,78.0,0.19,51.3,337.5,0.0075,0.09,0.0,0.42,15.244,0.249,,,,0.22,950.0,2.07,,,
1341,001310007,78.0,0.19,51.3,337.5,0.0075,0.09,0.0,0.42,9.146,0.388,,,,0.22,950.0,2.07,,,
1342,001310008,78.0,0.19,51.3,337.5,0.0075,0.09,0.0,0.42,60.976,0.073,,,,0.22,950.0,2.07,,,
1343,001310009,78.0,0.19,51.3,337.5,0.0075,0.09,0.0,0.42,24.39,0.123,,,,0.22,950.0,2.07,,,
1344,001310010,78.0,0.19,51.3,337.5,0.0075,0.09,0.0,0.42,91.463,0.029,,,,0.22,950.0,2.07,,,
1345,001310011,78.0,0.19,51.3,337.5,0.0075,0.09,0.0,0.42,60.976,0.071,,,,0.22,950.0,2.07,,,
1346,001310012,78.0,0.19,51.3,337.5,0.0075,0.09,0.0,0.42,91.463,0.027,,,,0.22,950.0,2.07,,,
1347,001310013,78.0,0.19,51.3,337.5,0.0075,0.09,0.0,0.42,91.463,0.024,,,,0.22,950.0,2.07,,,
1348,001310014,78.0,0.19,51.3,337.5,0.0075,0.09,0.0,0.42,60.976,0.067,,,,0.22,950.0,2.07,,,
1349,001310015,78.0,0.19,51.3,337.5,0.0075,0.09,0.0,0.42,9.146,0.253,,,,0.22,950.0,2.07,,,
1350,001310016,78.0,0.19,51.3,337.5,0.0075,0.09,0.0,0.42,24.39,0.123,,,,0.22,950.0,2.07,,,
1351,001310017,78.0,0.19,51.3,337.5,0.0075,0.09,0.0,0.42,9.146,0.391,,,,0.22,950.0,2.07,,,
1352,001310018,78.0,0.19,51.3,337.5,0.0075,0.09,0.0,0.42,91.463,0.02,,,,0.22,950.0,2.07,,,
1353,001310019,78.0,0.19,51.3,337.5,0.0075,0.09,0.0,0.42,121.951,0.02,,,,0.22,950.0,2.07,,,
1354,001320000,,,,,,,,,,,,,,,,,0.17,78.75,0.35
1355,001320001,78.0,0.19,51.3,337.5,0.0075,0.09,0.0,0.42,24.39,0.121,,,,0.22,950.0,2.07,,,
1356,001320002,78.0,0.19,51.3,337.5,0.0075,0.09,0.0,0.42,60.976,0.072,,,,0.22,950.0,2.07,,,
1357,001320003,78.0,0.19,51.3,337.5,0.0075,0.09,0.0,0.42,91.463,0.023,,,,0.22,950.0,2.07,,,
1358,001320004,78.0,0.19,51.3,337.5,0.0075,0.09,0.0,0.42,15.244,0.245,,,,0.22,950.0,2.07,,,
1359,001320005,78.0,0.19,51.3,337.5,0.0075,0.09,0.0,0.42,9.146,0.372,,,,0.22,950.0,2.07,,,
1360,001320006,78.0,0.19,51.3,337.5,0.0075,0.09,0.0,0.42,91.463,0.023,,,,0.22,950.0,2.07,,,
1361,001320007,78.0,0.19,51.3,337.5,0.0075,0.09,0.0,0.42,60.976,0.07,,,,0.22,950.0,2.07,,,
1362,001320008,78.0,0.19,51.3,337.5,0.0075,0.09,0.0,0.42,24.39,0.123,,,,0.22,950.0,2.07,,,
1363,001320009,78.0,0.19,51.3,337.5,0.0075,0.09,0.0,0.42,15.244,0.245,,,,0.22,950.0,2.07,,,
1364,001320010,78.0,0.19,51.3,337.5,0.0075,0.09,0.0,0.42,9.146,0.39,,,,0.22,950.0,2.07,,,
1365,001320011,78.0,0.19,51.3,337.5,0.0075,0.09,0.0,0.42,60.976,0.068,,,,0.22,950.0,2.07,,,
1366,001320012,78.0,0.19,51.3,337.5,0.0075,0.09,0.0,0.42,91.463,0.021,,,,0.22,950.0,2.07,,,
1367,001330000,,,,,,,,,,,,,,,,,0.17,78.75,0.35
1368,001330001,78.0,0.19,51.3,337.5,0.0075,0.09,0.0,0.42,18.293,0.172,,,,0.22,950.0,2.07,,,
1369,001330002,78.0,0.19,51.3,337.5,0.0075,0.09,0.0,0.42,24.39,0.122,,,,0.22,950.0,2.07,,,
1370,001330003,78.0,0.19,51.3,337.5,0.0075,0.09,0.0,0.42,15.244,0.244,,,,0.22,950.0,2.07,,,
1371,001330004,78.0,0.19,51.3,337.5,0.0075,0.09,0.0,0.42,60.976,0.074,,,,0.22,950.0,2.07,,,
1372,001330005,78.0,0.19,51.3,337.5,0.0075,0.09,0.0,0.42,121.951,0.019,,,,0.22,950.0,2.07,,,
1373,001330006,78.0,0.19,51.3,337.5,0.0075,0.09,0.0,0.42,9.146,0.364,,,,0.22,950.0,2.07,,,
1374,001330007,78.0,0.19,51.3,337.5,0.0075,0.09,0.0,0.42,60.976,0.077,,,,0.22,950.0,2.07,,,
1375,001330008,78.0,0.19,51.3,337.5,0.0075,0.09,0.0,0.42,121.951,0.018,,,,0.22,950.0,2.07,,,
1376,001330009,78.0,0.19,51.3,337.5,0.0075,0.09,0.0,0.42,15.244,0.25,,,,0.22,950.0,2.07,,,
1377,001330010,78.0,0.19,51.3,337.5,0.0075,0.09,0.0,0.42,9.146,0.389,,,,0.22,950.0,2.07,,,
1378,001330011,78.0,0.19,51.3,337.5,0.0075,0.09,0.0,0.42,24.39,0.123,,,,0.22,950.0,2.07,,,
1379,001330012,78.0,0.19,51.3,337.5,0.0075,0.09,0.0,0.42,60.976,0.075,,,,0.22,950.0,2.07,,,
1380,001330013,78.0,0.19,51.3,337.5,0.0075,0.09,0.0,0.42,24.39,0.125,,,,0.22,950.0,2.07,,,
1381,001330014,78.0,0.19,51.3,337.5,0.0075,0.09,0.0,0.42,91.463,0.026,,,,0.22,950.0,2.07,,,
1382,001330015,78.0,0.19,51.3,337.5,0.0075,0.09,0.0,0.42,18.293,0.174,,,,0.22,950.0,2.07,,,
1383,001330016,78.0,0.19,51.3,337.5,0.0075,0.09,0.0,0.42,15.244,0.238,,,,0.22,950.0,2.07,,,
1384,001330017,78.0,0.19,51.3,337.5,0.0075,0.09,0.0,0.42,9.146,0.377,,,,0.22,950.0,2.07,,,
1385,001330018,78.0,0.19,51.3,337.5,0.0075,0.09,0.0,0.42,18.293,0.171,,,,0.22,950.0,2.07,,,
1386,001330019,78.0,0.19,51.3,337.5,0.0075,0.09,0.0,0.42,91.463,0.023,,,,0.22,950.0,2.07,,,
1387,001330020,78.0,0.19,51.3,337.5,0.0075,0.09,0.0,0.42,60.976,0.07,,,,0.22,950.0,2.07,,,
1388,001330021,78.0,0.19,51.3,337.5,0.0075,0.09,0.0,0.42,24.39,0.123,,,,0.22,950.0,2.07,,,
1389,001330022,78.0,0.19,51.3,337.5,0.0075,0.09,0.0,0.42,60.976,0.071,,,,0.22,950.0,2.07,,,
1390,001330023,78.0,0.19,51.3,337.5,0.0075,0.09,0.0,0.42,91.463,0.026,,,,0.22,950.0,2.07,,,
1391,001330024,78.0,0.19,51.3,337.5,0.0075,0.09,0.0,0.42,15.244,0.249,,,,0.22,950.0,2.07,,,
1392,001330025,78.0,0.19,51.3,337.5,0.0075,0.09,0.0,0.42,9.146,0.348,,,,0.22,950.0,2.07,,,
1393,001330026,78.0,0.19,51.3,337.5,0.0075,0.09,0.0,0.42,18.293,0.174,,,,0.22,950.0,2.07,,,
1394,001330027,78.0,0.19,51.3,337.5,0.0075,0.09,0.0,0.42,24.39,0.124,,,,0.22,950.0,2.07,,,
1395,001330028,78.0,0.19,51.3,337.5,0.0075,0.09,0.0,0.42,9.146,0.401,,,,0.22,950.0,2.07,,,
1396,001330029,78.0,0.19,51.3,337.5,0.0075,0.09,0.0,0.42,9.146,0.25,,,,0.22,950.0,2.07,,,
1397,001330030,78.0,0.19,51.3,337.5,0.0075,0.09,0.0,0.42,9.146,0.574,,,,0.22,950.0,2.07,,,
1398,001340000,,,,,,,,,,,,,,,,,0.17,78.75,0.35
1399,001340001,78.0,0.19,51.3,337.5,0.0075,0.09,0.0,0.42,18.293,0.173,,,,0.22,950.0,2.07,,,
1400,001340002,78.0,0.19,51.3,337.5,0.0075,0.09,0.0,0.42,60.976,0.074,,,,0.22,950.0,2.07,,,
1401,001340003,78.0,0.19,51.3,337.5,0.0075,0.09,0.0,0.42,121.951,0.018,,,,0.22,950.0,2.07,,,
1402,001340004,78.0,0.19,51.3,337.5,0.0075,0.09,0.0,0.42,24.39,0.123,,,,0.22,950.0,2.07,,,
1403,001340005,78.0,0.19,51.3,337.5,0.0075,0.09,0.0,0.42,15.244,0.241,,,,0.22,950.0,2.07,,,
1404,001340006,78.0,0.19,51.3,337.5,0.0075,0.09,0.0,0.42,15.244,0.247,,,,0.22,950.0,2.07,,,
1405,001340007,78.0,0.19,51.3,337.5,0.0075,0.09,0.0,0.42,24.39,0.125,,,,0.22,950.0,2.07,,,
1406,001340008,78.0,0.19,51.3,337.5,0.0075,0.09,0.0,0.42,9.146,0.371,,,,0.22,950.0,2.07,,,
1407,001340009,78.0,0.19,51.3,337.5,0.0075,0.09,0.0,0.42,18.293,0.174,,,,0.22,950.0,2.07,,,
1408,001340010,78.0,0.19,51.3,337.5,0.0075,0.09,0.0,0.42,121.951,0.012,,,,0.22,950.0,2.07,,,
1409,001340011,78.0,0.19,51.3,337.5,0.0075,0.09,0.0,0.42,15.244,0.237,,,,0.22,950.0,2.07,,,
1410,001340012,78.0,0.19,51.3,337.5,0.0075,0.09,0.0,0.42,18.293,0.173,,,,0.22,950.0,2.07,,,
1411,001340013,78.0,0.19,51.3,337.5,0.0075,0.09,0.0,0.42,24.39,0.126,,,,0.22,950.0,2.07,,,
1412,001340014,78.0,0.19,51.3,337.5,0.0075,0.09,0.0,0.42,121.951,0.018,,,,0.22,950.0,2.07,,,
1413,001340015,78.0,0.19,51.3,337.5,0.0075,0.09,0.0,0.42,60.976,0.073,,,,0.22,950.0,2.07,,,
1414,001340016,78.0,0.19,51.3,337.5,0.0075,0.09,0.0,0.42,24.39,0.121,,,,0.22,950.0,2.07,,,
1415,001340017,78.0,0.19,51.3,337.5,0.0075,0.09,0.0,0.42,60.976,0.076,,,,0.22,950.0,2.07,,,
1416,001340018,78.0,0.19,51.3,337.5,0.0075,0.09,0.0,0.42,91.463,0.023,,,,0.22,950.0,2.07,,,
1417,001350000,,,,,,,,,,,,,,,,,0.17,78.75,0.35
1418,001350001,78.0,0.19,51.3,337.5,0.0075,0.09,0.0,0.42,60.976,0.074,,,,0.22,950.0,2.07,,,
1419,001350002,78.0,0.19,51.3,337.5,0.0075,0.09,0.0,0.42,91.463,0.025,,,,0.22,950.0,2.07,,,
1420,001350003,78.0,0.19,51.3,337.5,0.0075,0.09,0.0,0.42,15.244,0.248,,,,0.22,950.0,2.07,,,
1421,001350004,78.0,0.19,51.3,337.5,0.0075,0.09,0.0,0.42,9.146,0.383,,,,0.22,950.0,2.07,,,
1422,001350005,78.0,0.19,51.3,337.5,0.0075,0.09,0.0,0.42,24.39,0.124,,,,0.22,950.0,2.07,,,
1423,001350006,78.0,0.19,51.3,337.5,0.0075,0.09,0.0,0.42,121.951,0.011,,,,0.22,950.0,2.07,,,
1424,001350007,78.0,0.19,51.3,337.5,0.0075,0.09,0.0,0.42,9.146,0.382,,,,0.22,950.0,2.07,,,
1425,001350008,78.0,0.19,51.3,337.5,0.0075,0.09,0.0,0.42,9.146,0.258,,,,0.22,950.0,2.07,,,
1426,001350009,78.0,0.19,51.3,337.5,0.0075,0.09,0.0,0.42,121.951,0.008,,,,0.22,950.0,2.07,,,
1427,001350010,78.0,0.19,51.3,337.5,0.0075,0.09,0.0,0.42,121.951,0.009,,,,0.22,950.0,2.07,,,
1428,001350011,78.0,0.19,51.3,337.5,0.0075,0.09,0.0,0.42,121.951,0.013,,,,0.22,950.0,2.07,,,
1429,001350012,78.0,0.19,51.3,337.5,0.0075,0.09,0.0,0.42,121.951,0.009,,,,0.22,950.0,2.07,,,
1430,001360000,,,,,,,,,,,,,,,,,0.17,78.75,0.35
1431,001360001,78.0,0.19,51.3,337.5,0.0075,0.09,0.0,0.42,91.463,0.025,,,,0.22,950.0,2.07,,,
1432,001360002,78.0,0.19,51.3,337.5,0.0075,0.09,0.0,0.42,60.976,0.072,,,,0.22,950.0,2.07,,,
1433,001360003,78.0,0.19,51.3,337.5,0.0075,0.09,0.0,0.42,60.976,0.116,,,,0.22,950.0,2.07,,,
1434,001360004,78.0,0.19,51.3,337.5,0.0075,0.09,0.0,0.42,15.244,0.249,,,,0.22,950.0,2.07,,,
1435,001360005,78.0,0.19,51.3,337.5,0.0075,0.09,0.0,0.42,91.463,0.021,,,,0.22,950.0,2.07,,,
1436,001360006,78.0,0.19,51.3,337.5,0.0075,0.09,0.0,0.42,24.39,0.123,,,,0.22,950.0,2.07,,,
1437,001360007,78.0,0.19,51.3,337.5,0.0075,0.09,0.0,0.42,60.976,0.075,,,,0.22,950.0,2.07,,,
1438,001360008,78.0,0.19,51.3,337.5,0.0075,0.09,0.0,0.42,9.146,0.38,,,,0.22,950.0,2.07,,,
1439,001370000,,,,,,,,,,,,,,,,,0.17,78.75,0.35
1440,001370001,78.0,0.19,51.3,337.5,0.0075,0.09,0.0,0.42,91.463,0.023,,,,0.22,950.0,2.07,,,
1441,001370002,78.0,0.19,51.3,337.5,0.0075,0.09,0.0,0.42,60.976,0.067,,,,0.22,950.0,2.07,,,
1442,001370003,78.0,0.19,51.3,337.5,0.0075,0.09,0.0,0.42,60.976,0.07,,,,0.22,950.0,2.07,,,
1443,001370004,78.0,0.19,51.3,337.5,0.0075,0.09,0.0,0.42,91.463,0.021,,,,0.22,950.0,2.07,,,
1444,001370005,78.0,0.19,51.3,337.5,0.0075,0.09,0.0,0.42,9.146,0.383,,,,0.22,950.0,2.07,,,
1445,001370006,78.0,0.19,51.3,337.5,0.0075,0.09,0.0,0.42,15.244,0.246,,,,0.22,950.0,2.07,,,
1446,001370007,78.0,0.19,51.3,337.5,0.0075,0.09,0.0,0.42,18.293,0.174,,,,0.22,950.0,2.07,,,
1447,001370008,78.0,0.19,51.3,337.5,0.0075,0.09,0.0,0.42,60.976,0.075,,,,0.22,950.0,2.07,,,
1448,001370009,78.0,0.19,51.3,337.5,0.0075,0.09,0.0,0.42,91.463,0.026,,,,0.22,950.0,2.07,,,
1449,001370010,78.0,0.19,51.3,337.5,0.0075,0.09,0.0,0.42,24.39,0.124,,,,0.22,950.0,2.07,,,
1450,001370011,78.0,0.19,51.3,337.5,0.0075,0.09,0.0,0.42,91.463,0.026,,,,0.22,950.0,2.07,,,
1451,001370012,78.0,0.19,51.3,337.5,0.0075,0.09,0.0,0.42,24.39,0.121,,,,0.22,950.0,2.07,,,
1452,001370013,78.0,0.19,51.3,337.5,0.0075,0.09,0.0,0.42,60.976,0.072,,,,0.22,950.0,2.07,,,
1453,001380000,,,,,,,,,,,,,,,,,0.17,78.75,0.35
1454,001380001,78.0,0.19,51.3,337.5,0.0075,0.09,0.0,0.42,9.146,0.382,,,,0.22,950.0,2.07,,,
1455,001380002,78.0,0.19,51.3,337.5,0.0075,0.09,0.0,0.42,15.244,0.247,,,,0.22,950.0,2.07,,,
1456,001380003,78.0,0.19,51.3,337.5,0.0075,0.09,0.0,0.42,9.146,0.378,,,,0.22,950.0,2.07,,,
1457,001380004,78.0,0.19,51.3,337.5,0.0075,0.09,0.0,0.42,15.244,0.248,,,,0.22,950.0,2.07,,,
1458,001380005,78.0,0.19,51.3,337.5,0.0075,0.09,0.0,0.42,24.39,0.122,,,,0.22,950.0,2.07,,,
1459,001380006,78.0,0.19,51.3,337.5,0.0075,0.09,0.0,0.42,18.293,0.173,,,,0.22,950.0,2.07,,,
1460,001380007,78.0,0.19,51.3,337.5,0.0075,0.09,0.0,0.42,91.463,0.028,,,,0.22,950.0,2.07,,,
1461,001380008,78.0,0.19,51.3,337.5,0.0075,0.09,0.0,0.42,60.976,0.074,,,,0.22,950.0,2.07,,,
1462,001380009,78.0,0.19,51.3,337.5,0.0075,0.09,0.0,0.42,60.976,0.07,,,,0.22,950.0,2.07,,,
1463,001380010,78.0,0.19,51.3,337.5,0.0075,0.09,0.0,0.42,60.976,0.118,,,,0.22,950.0,2.07,,,
1464,001380011,78.0,0.19,51.3,337.5,0.0075,0.09,0.0,0.42,91.463,0.028,,,,0.22,950.0,2.07,,,
1465,001380012,78.0,0.19,51.3,337.5,0.0075,0.09,0.0,0.42,60.976,0.07,,,,0.22,950.0,2.07,,,
1466,001380013,78.0,0.19,51.3,337.5,0.0075,0.09,0.0,0.42,91.463,0.025,,,,0.22,950.0,2.07,,,
1467,001380014,78.0,0.19,51.3,337.5,0.0075,0.09,0.0,0.42,91.463,0.022,,,,0.22,950.0,2.07,,,
1468,001380015,78.0,0.19,51.3,337.5,0.0075,0.09,0.0,0.42,60.976,0.071,,,,0.22,950.0,2.07,,,
1469,001390000,,,,,,,,,,,,,,,,,0.17,78.75,0.35
1470,001390001,78.0,0.19,51.3,337.5,0.0075,0.09,0.0,0.42,121.951,0.014,,,,0.22,950.0,2.07,,,
1471,001390002,78.0,0.19,51.3,337.5,0.0075,0.09,0.0,0.42,60.976,0.075,,,,0.22,950.0,2.07,,,
1472,001390003,78.0,0.19,51.3,337.5,0.0075,0.09,0.0,0.42,24.39,0.122,,,,0.22,950.0,2.07,,,
1473,001390004,78.0,0.19,51.3,337.5,0.0075,0.09,0.0,0.42,18.293,0.171,,,,0.22,950.0,2.07,,,
1474,001390005,78.0,0.19,51.3,337.5,0.0075,0.09,0.0,0.42,121.951,0.01,,,,0.22,950.0,2.07,,,
1475,001390006,78.0,0.19,51.3,337.5,0.0075,0.09,0.0,0.42,24.39,0.122,,,,0.22,950.0,2.07,,,
1476,001390007,78.0,0.19,51.3,337.5,0.0075,0.09,0.0,0.42,60.976,0.074,,,,0.22,950.0,2.07,,,
1477,001390008,78.0,0.19,51.3,337.5,0.0075,0.09,0.0,0.42,121.951,0.004,,,,0.22,950.0,2.07,,,
1478,001390009,78.0,0.19,51.3,337.5,0.0075,0.09,0.0,0.42,60.976,0.075,,,,0.22,950.0,2.07,,,
1479,001390010,78.0,0.19,51.3,337.5,0.0075,0.09,0.0,0.42,24.39,0.122,,,,0.22,950.0,2.07,,,
1480,001390011,78.0,0.19,51.3,337.5,0.0075,0.09,0.0,0.42,15.244,0.239,,,,0.22,950.0,2.07,,,
1481,001390012,78.0,0.19,51.3,337.5,0.0075,0.09,0.0,0.42,18.293,0.172,,,,0.22,950.0,2.07,,,
1482,001390013,78.0,0.19,51.3,337.5,0.0075,0.09,0.0,0.42,121.951,0.017,,,,0.22,950.0,2.07,,,
1483,001390014,78.0,0.19,51.3,337.5,0.0075,0.09,0.0,0.42,18.293,0.175,,,,0.22,950.0,2.07,,,
1484,001390015,78.0,0.19,51.3,337.5,0.0075,0.09,0.0,0.42,24.39,0.124,,,,0.22,950.0,2.07,,,
1485,001390016,78.0,0.19,51.3,337.5,0.0075,0.09,0.0,0.42,15.244,0.243,,,,0.22,950.0,2.07,,,
1486,001390017,78.0,0.19,51.3,337.5,0.0075,0.09,0.0,0.42,60.976,0.076,,,,0.22,950.0,2.07,,,
1487,001390018,78.0,0.19,51.3,337.5,0.0075,0.09,0.0,0.42,9.146,0.369,,,,0.22,950.0,2.07,,,
1488,001390019,78.0,0.19,51.3,337.5,0.0075,0.09,0.0,0.42,91.463,0.022,,,,0.22,950.0,2.07,,,
1489,001390020,78.0,0.19,51.3,337.5,0.0075,0.09,0.0,0.42,24.39,0.126,,,,0.22,950.0,2.07,,,
1490,001390021,78.0,0.19,51.3,337.5,0.0075,0.09,0.0,0.42,18.293,0.175,,,,0.22,950.0,2.07,,,
1491,001390022,78.0,0.19,51.3,337.5,0.0075,0.09,0.0,0.42,15.244,0.245,,,,0.22,950.0,2.07,,,
1492,001390023,78.0,0.19,51.3,337.5,0.0075,0.09,0.0,0.42,9.146,0.37,,,,0.22,950.0,2.07,,,
1493,001390024,78.0,0.19,51.3,337.5,0.0075,0.09,0.0,0.42,60.976,0.073,,,,0.22,950.0,2.07,,,
1494,001390025,78.0,0.19,51.3,337.5,0.0075,0.09,0.0,0.42,15.244,0.246,,,,0.22,950.0,2.07,,,
1495,001390026,78.0,0.19,51.3,337.5,0.0075,0.09,0.0,0.42,18.293,0.175,,,,0.22,950.0,2.07,,,
1496,001390027,78.0,0.19,51.3,337.5,0.0075,0.09,0.0,0.42,9.146,0.372,,,,0.22,950.0,2.07,,,
1497,001390028,78.0,0.19,51.3,337.5,0.0075,0.09,0.0,0.42,24.39,0.126,,,,0.22,950.0,2.07,,,
1498,001390029,78.0,0.19,51.3,337.5,0.0075,0.09,0.0,0.42,91.463,0.022,,,,0.22,950.0,2.07,,,
1499,001400000,,,,,,,,,,,,,,,,,0.17,78.75,0.35
1500,001400001,78.0,0.19,51.3,337.5,0.0075,0.09,0.0,0.42,60.976,0.072,,,,0.22,950.0,2.07,,,
1501,001400002,78.0,0.19,51.3,337.5,0.0075,0.09,0.0,0.42,91.463,0.021,,,,0.22,950.0,2.07,,,
1502,001400003,78.0,0.19,51.3,337.5,0.0075,0.09,0.0,0.42,24.39,0.123,,,,0.22,950.0,2.07,,,
1503,001400004,78.0,0.19,51.3,337.5,0.0075,0.09,0.0,0.42,9.146,0.251,,,,0.22,950.0,2.07,,,
1504,001400005,78.0,0.19,51.3,337.5,0.0075,0.09,0.0,0.42,9.146,0.381,,,,0.22,950.0,2.07,,,
1505,001400006,78.0,0.19,51.3,337.5,0.0075,0.09,0.0,0.42,91.463,0.021,,,,0.22,950.0,2.07,,,
1506,001400007,78.0,0.19,51.3,337.5,0.0075,0.09,0.0,0.42,60.976,0.074,,,,0.22,950.0,2.07,,,
1507,001400008,78.0,0.19,51.3,337.5,0.0075,0.09,0.0,0.42,24.39,0.123,,,,0.22,950.0,2.07,,,
1508,001400009,78.0,0.19,51.3,337.5,0.0075,0.09,0.0,0.42,18.293,0.174,,,,0.22,950.0,2.07,,,
1509,001400010,78.0,0.19,51.3,337.5,0.0075,0.09,0.0,0.42,15.244,0.244,,,,0.22,950.0,2.07,,,
1510,001400011,78.0,0.19,51.3,337.5,0.0075,0.09,0.0,0.42,9.146,0.374,,,,0.22,950.0,2.07,,,
1511,001400012,78.0,0.19,51.3,337.5,0.0075,0.09,0.0,0.42,9.146,0.368,,,,0.22,950.0,2.07,,,
1512,001400013,78.0,0.19,51.3,337.5,0.0075,0.09,0.0,0.42,15.244,0.248,,,,0.22,950.0,2.07,,,
1513,001400014,78.0,0.19,51.3,337.5,0.0075,0.09,0.0,0.42,121.951,0.016,,,,0.22,950.0,2.07,,,
1514,001400015,78.0,0.19,51.3,337.5,0.0075,0.09,0.0,0.42,18.293,0.172,,,,0.22,950.0,2.07,,,
1515,001400016,78.0,0.19,51.3,337.5,0.0075,0.09,0.0,0.42,24.39,0.124,,,,0.22,950.0,2.07,,,
1516,001400017,78.0,0.19,51.3,337.5,0.0075,0.09,0.0,0.42,60.976,0.073,,,,0.22,950.0,2.07,,,
1517,001400018,78.0,0.19,51.3,337.5,0.0075,0.09,0.0,0.42,24.39,0.121,,,,0.22,950.0,2.07,,,
1518,001400019,78.0,0.19,51.3,337.5,0.0075,0.09,0.0,0.42,91.463,0.027,,,,0.22,950.0,2.07,,,
1519,001400020,78.0,0.19,51.3,337.5,0.0075,0.09,0.0,0.42,60.976,0.071,,,,0.22,950.0,2.07,,,
1520,001400021,78.0,0.19,51.3,337.5,0.0075,0.09,0.0,0.42,24.39,0.12,,,,0.22,950.0,2.07,,,
1521,001400022,78.0,0.19,51.3,337.5,0.0075,0.09,0.0,0.42,91.463,0.022,,,,0.22,950.0,2.07,,,
1522,001410000,,,,,,,,,,,,,,,,,0.17,78.75,0.35
1523,001410001,78.0,0.19,51.3,337.5,0.0075,0.09,0.0,0.42,60.976,0.12,,,,0.22,950.0,2.07,,,
1524,001410002,78.0,0.19,51.3,337.5,0.0075,0.09,0.0,0.42,91.463,0.024,,,,0.22,950.0,2.07,,,
1525,001410003,78.0,0.19,51.3,337.5,0.0075,0.09,0.0,0.42,60.976,0.071,,,,0.22,950.0,2.07,,,
1526,001410004,78.0,0.19,51.3,337.5,0.0075,0.09,0.0,0.42,91.463,0.025,,,,0.22,950.0,2.07,,,
1527,001410005,78.0,0.19,51.3,337.5,0.0075,0.09,0.0,0.42,60.976,0.071,,,,0.22,950.0,2.07,,,
1528,001410006,78.0,0.19,51.3,337.5,0.0075,0.09,0.0,0.42,91.463,0.025,,,,0.22,950.0,2.07,,,
1529,001410007,78.0,0.19,51.3,337.5,0.0075,0.09,0.0,0.42,60.976,0.07,,,,0.22,950.0,2.07,,,
1530,001410008,78.0,0.19,51.3,337.5,0.0075,0.09,0.0,0.42,24.39,0.123,,,,0.22,950.0,2.07,,,
1531,001410009,78.0,0.19,51.3,337.5,0.0075,0.09,0.0,0.42,60.976,0.076,,,,0.22,950.0,2.07,,,
1532,001410010,78.0,0.19,51.3,337.5,0.0075,0.09,0.0,0.42,15.244,0.247,,,,0.22,950.0,2.07,,,
1533,001410011,78.0,0.19,51.3,337.5,0.0075,0.09,0.0,0.42,91.463,0.023,,,,0.22,950.0,2.07,,,
1534,001410012,78.0,0.19,51.3,337.5,0.0075,0.09,0.0,0.42,18.293,0.174,,,,0.22,950.0,2.07,,,
1535,001410013,78.0,0.19,51.3,337.5,0.0075,0.09,0.0,0.42,9.146,0.378,,,,0.22,950.0,2.07,,,
1536,001410014,78.0,0.19,51.3,337.5,0.0075,0.09,0.0,0.42,24.39,0.123,,,,0.22,950.0,2.07,,,
1537,001410015,78.0,0.19,51.3,337.5,0.0075,0.09,0.0,0.42,60.976,0.074,,,,0.22,950.0,2.07,,,
1538,001410016,78.0,0.19,51.3,337.5,0.0075,0.09,0.0,0.42,91.463,0.028,,,,0.22,950.0,2.07,,,
1539,001410017,78.0,0.19,51.3,337.5,0.0075,0.09,0.0,0.42,15.244,0.246,,,,0.22,950.0,2.07,,,
1540,001410018,78.0,0.19,51.3,337.5,0.0075,0.09,0.0,0.42,9.146,0.39,,,,0.22,950.0,2.07,,,
1541,001410019,78.0,0.19,51.3,337.5,0.0075,0.09,0.0,0.42,9.146,0.372,,,,0.22,950.0,2.07,,,
1542,001410020,78.0,0.19,51.3,337.5,0.0075,0.09,0.0,0.42,15.244,0.242,,,,0.22,950.0,2.07,,,
1543,001410021,78.0,0.19,51.3,337.5,0.0075,0.09,0.0,0.42,91.463,0.026,,,,0.22,950.0,2.07,,,
1544,001410022,78.0,0.19,51.3,337.5,0.0075,0.09,0.0,0.42,24.39,0.121,,,,0.22,950.0,2.07,,,
1545,001410023,78.0,0.19,51.3,337.5,0.0075,0.09,0.0,0.42,60.976,0.074,,,,0.22,950.0,2.07,,,
1546,001410024,78.0,0.19,51.3,337.5,0.0075,0.09,0.0,0.42,91.463,0.025,,,,0.22,950.0,2.07,,,
1547,001410025,78.0,0.19,51.3,337.5,0.0075,0.09,0.0,0.42,60.976,0.07,,,,0.22,950.0,2.07,,,
1548,001410026,78.0,0.19,51.3,337.5,0.0075,0.09,0.0,0.42,60.976,0.068,,,,0.22,950.0,2.07,,,
1549,001410027,78.0,0.19,51.3,337.5,0.0075,0.09,0.0,0.42,91.463,0.024,,,,0.22,950.0,2.07,,,
1550,001410028,78.0,0.19,51.3,337.5,0.0075,0.09,0.0,0.42,9.146,0.252,,,,0.22,950.0,2.07,,,
1551,001410029,78.0,0.19,51.3,337.5,0.0075,0.09,0.0,0.42,9.146,0.386,,,,0.22,950.0,2.07,,,
1552,001410030,78.0,0.19,51.3,337.5,0.0075,0.09,0.0,0.42,9.146,0.559,,,,0.22,950.0,2.07,,,
1553,001410031,78.0,0.19,51.3,337.5,0.0075,0.09,0.0,0.42,15.244,0.245,,,,0.22,950.0,2.07,,,
1554,001410032,78.0,0.19,51.3,337.5,0.0075,0.09,0.0,0.42,24.39,0.125,,,,0.22,950.0,2.07,,,
1555,001410033,78.0,0.19,51.3,337.5,0.0075,0.09,0.0,0.42,18.293,0.173,,,,0.22,950.0,2.07,,,
1556,001410034,78.0,0.19,51.3,337.5,0.0075,0.09,0.0,0.42,60.976,0.074,,,,0.22,950.0,2.07,,,
1557,001410035,78.0,0.19,51.3,337.5,0.0075,0.09,0.0,0.42,9.146,0.381,,,,0.22,950.0,2.07,,,
1558,001410036,78.0,0.19,51.3,337.5,0.0075,0.09,0.0,0.42,15.244,0.249,,,,0.22,950.0,2.07,,,
1559,001410037,78.0,0.19,51.3,337.5,0.0075,0.09,0.0,0.42,9.146,0.385,,,,0.22,950.0,2.07,,,
1560,001410038,78.0,0.19,51.3,337.5,0.0075,0.09,0.0,0.42,9.146,0.558,,,,0.22,950.0,2.07,,,
1561,001420000,,,,,,,,,,,,,,,,,0.17,78.75,0.35
1562,001420001,78.0,0.19,51.3,337.5,0.0075,0.09,0.0,0.42,24.39,0.122,,,,0.22,950.0,2.07,,,
1563,001420002,78.0,0.19,51.3,337.5,0.0075,0.09,0.0,0.42,60.976,0.073,,,,0.22,950.0,2.07,,,
1564,001420003,78.0,0.19,51.3,337.5,0.0075,0.09,0.0,0.42,91.463,0.022,,,,0.22,950.0,2.07,,,
1565,001420004,78.0,0.19,51.3,337.5,0.0075,0.09,0.0,0.42,18.293,0.173,,,,0.22,950.0,2.07,,,
1566,001420005,78.0,0.19,51.3,337.5,0.0075,0.09,0.0,0.42,9.146,0.385,,,,0.22,950.0,2.07,,,
1567,001420006,78.0,0.19,51.3,337.5,0.0075,0.09,0.0,0.42,15.244,0.244,,,,0.22,950.0,2.07,,,
1568,001420007,78.0,0.19,51.3,337.5,0.0075,0.09,0.0,0.42,60.976,0.074,,,,0.22,950.0,2.07,,,
1569,001420008,78.0,0.19,51.3,337.5,0.0075,0.09,0.0,0.42,24.39,0.124,,,,0.22,950.0,2.07,,,
1570,001420009,78.0,0.19,51.3,337.5,0.0075,0.09,0.0,0.42,121.951,0.019,,,,0.22,950.0,2.07,,,
1571,001420010,78.0,0.19,51.3,337.5,0.0075,0.09,0.0,0.42,60.976,0.075,,,,0.22,950.0,2.07,,,
1572,001420011,78.0,0.19,51.3,337.5,0.0075,0.09,0.0,0.42,91.463,0.023,,,,0.22,950.0,2.07,,,
1573,001420012,78.0,0.19,51.3,337.5,0.0075,0.09,0.0,0.42,24.39,0.122,,,,0.22,950.0,2.07,,,
1574,001420013,78.0,0.19,51.3,337.5,0.0075,0.09,0.0,0.42,18.293,0.172,,,,0.22,950.0,2.07,,,
1575,001420014,78.0,0.19,51.3,337.5,0.0075,0.09,0.0,0.42,15.244,0.239,,,,0.22,950.0,2.07,,,
1576,001430000,,,,,,,,,,,,,,,,,0.17,78.75,0.35
1577,001430001,78.0,0.19,51.3,337.5,0.0075,0.09,0.0,0.42,24.39,0.124,,,,0.22,950.0,2.07,,,
1578,001430002,78.0,0.19,51.3,337.5,0.0075,0.09,0.0,0.42,91.463,0.02,,,,0.22,950.0,2.07,,,
1579,001430003,78.0,0.19,51.3,337.5,0.0075,0.09,0.0,0.42,15.244,0.246,,,,0.22,950.0,2.07,,,
1580,001430004,78.0,0.19,51.3,337.5,0.0075,0.09,0.0,0.42,9.146,0.382,,,,0.22,950.0,2.07,,,
1581,001430005,78.0,0.19,51.3,337.5,0.0075,0.09,0.0,0.42,60.976,0.075,,,,0.22,950.0,2.07,,,
1582,001430006,78.0,0.19,51.3,337.5,0.0075,0.09,0.0,0.42,18.293,0.174,,,,0.22,950.0,2.07,,,
1583,001430007,78.0,0.19,51.3,337.5,0.0075,0.09,0.0,0.42,9.146,0.376,,,,0.22,950.0,2.07,,,
1584,001430008,78.0,0.19,51.3,337.5,0.0075,0.09,0.0,0.42,15.244,0.247,,,,0.22,950.0,2.07,,,
1585,001430009,78.0,0.19,51.3,337.5,0.0075,0.09,0.0,0.42,24.39,0.123,,,,0.22,950.0,2.07,,,
1586,001430010,78.0,0.19,51.3,337.5,0.0075,0.09,0.0,0.42,60.976,0.071,,,,0.22,950.0,2.07,,,
1587,001430011,78.0,0.19,51.3,337.5,0.0075,0.09,0.0,0.42,121.951,0.017,,,,0.22,950.0,2.07,,,
1588,001440000,,,,,,,,,,,,,,,,,0.17,78.75,0.35
1589,001440001,78.0,0.19,51.3,337.5,0.0075,0.09,0.0,0.42,18.293,0.176,,,,0.22,950.0,2.07,,,
1590,001440002,78.0,0.19,51.3,337.5,0.0075,0.09,0.0,0.42,9.146,0.38,,,,0.22,950.0,2.07,,,
1591,001440003,78.0,0.19,51.3,337.5,0.0075,0.09,0.0,0.42,15.244,0.249,,,,0.22,950.0,2.07,,,
1592,001440004,78.0,0.19,51.3,337.5,0.0075,0.09,0.0,0.42,24.39,0.124,,,,0.22,950.0,2.07,,,
1593,001440005,78.0,0.19,51.3,337.5,0.0075,0.09,0.0,0.42,15.244,0.246,,,,0.22,950.0,2.07,,,
1594,001440006,78.0,0.19,51.3,337.5,0.0075,0.09,0.0,0.42,18.293,0.175,,,,0.22,950.0,2.07,,,
1595,001440007,78.0,0.19,51.3,337.5,0.0075,0.09,0.0,0.42,24.39,0.124,,,,0.22,950.0,2.07,,,
1596,001440008,78.0,0.19,51.3,337.5,0.0075,0.09,0.0,0.42,9.146,0.36,,,,0.22,950.0,2.07,,,
1597,001440009,78.0,0.19,51.3,337.5,0.0075,0.09,0.0,0.42,60.976,0.073,,,,0.22,950.0,2.07,,,
1598,001440010,78.0,0.19,51.3,337.5,0.0075,0.09,0.0,0.42,91.463,0.024,,,,0.22,950.0,2.07,,,
1599,001450000,,,,,,,,,,,,,,,,,0.17,78.75,0.35
1600,001450001,78.0,0.19,51.3,337.5,0.0075,0.09,0.0,0.42,121.951,0.019,,,,0.22,950.0,2.07,,,
1601,001450002,78.0,0.19,51.3,337.5,0.0075,0.09,0.0,0.42,60.976,0.066,,,,0.22,950.0,2.07,,,
1602,001450003,78.0,0.19,51.3,337.5,0.0075,0.09,0.0,0.42,60.976,0.073,,,,0.22,950.0,2.07,,,
1603,001450004,78.0,0.19,51.3,337.5,0.0075,0.09,0.0,0.42,91.463,0.02,,,,0.22,950.0,2.07,,,
1604,001450005,78.0,0.19,51.3,337.5,0.0075,0.09,0.0,0.42,24.39,0.123,,,,0.22,950.0,2.07,,,
1605,001450006,78.0,0.19,51.3,337.5,0.0075,0.09,0.0,0.42,18.293,0.172,,,,0.22,950.0,2.07,,,
1606,001450007,78.0,0.19,51.3,337.5,0.0075,0.09,0.0,0.42,15.244,0.243,,,,0.22,950.0,2.07,,,
1607,001450008,78.0,0.19,51.3,337.5,0.0075,0.09,0.0,0.42,9.146,0.376,,,,0.22,950.0,2.07,,,
1608,001450009,78.0,0.19,51.3,337.5,0.0075,0.09,0.0,0.42,9.146,0.376,,,,0.22,950.0,2.07,,,
1609,001450010,78.0,0.19,51.3,337.5,0.0075,0.09,0.0,0.42,15.244,0.247,,,,0.22,950.0,2.07,,,
1610,001450011,78.0,0.19,51.3,337.5,0.0075,0.09,0.0,0.42,18.293,0.174,,,,0.22,950.0,2.07,,,
1611,001450012,78.0,0.19,51.3,337.5,0.0075,0.09,0.0,0.42,24.39,0.124,,,,0.22,950.0,2.07,,,
1612,001450013,78.0,0.19,51.3,337.5,0.0075,0.09,0.0,0.42,60.976,0.073,,,,0.22,950.0,2.07,,,
1613,001450014,78.0,0.19,51.3,337.5,0.0075,0.09,0.0,0.42,121.951,0.02,,,,0.22,950.0,2.07,,,
1614,001450015,78.0,0.19,51.3,337.5,0.0075,0.09,0.0,0.42,9.146,0.379,,,,0.22,950.0,2.07,,,
1615,001450016,78.0,0.19,51.3,337.5,0.0075,0.09,0.0,0.42,18.293,0.175,,,,0.22,950.0,2.07,,,
1616,001450017,78.0,0.19,51.3,337.5,0.0075,0.09,0.0,0.42,15.244,0.25,,,,0.22,950.0,2.07,,,
1617,001450018,78.0,0.19,51.3,337.5,0.0075,0.09,0.0,0.42,24.39,0.126,,,,0.22,950.0,2.07,,,
1618,001460000,,,,,,,,,,,,,,,,,0.17,78.75,0.35
1619,001460001,78.0,0.19,51.3,337.5,0.0075,0.09,0.0,0.42,9.146,0.391,,,,0.22,950.0,2.07,,,
1620,001460002,78.0,0.19,51.3,337.5,0.0075,0.09,0.0,0.42,15.244,0.249,,,,0.22,950.0,2.07,,,
1621,001460003,78.0,0.19,51.3,337.5,0.0075,0.09,0.0,0.42,24.39,0.124,,,,0.22,950.0,2.07,,,
1622,001460004,78.0,0.19,51.3,337.5,0.0075,0.09,0.0,0.42,9.146,0.566,,,,0.22,950.0,2.07,,,
1623,001460005,78.0,0.19,51.3,337.5,0.0075,0.09,0.0,0.42,9.146,0.387,,,,0.22,950.0,2.07,,,
1624,001460006,78.0,0.19,51.3,337.5,0.0075,0.09,0.0,0.42,15.244,0.249,,,,0.22,950.0,2.07,,,
1625,001460007,78.0,0.19,51.3,337.5,0.0075,0.09,0.0,0.42,9.146,0.39,,,,0.22,950.0,2.07,,,
1626,001460008,78.0,0.19,51.3,337.5,0.0075,0.09,0.0,0.42,9.146,0.253,,,,0.22,950.0,2.07,,,
1627,001460009,78.0,0.19,51.3,337.5,0.0075,0.09,0.0,0.42,9.146,0.566,,,,0.22,950.0,2.07,,,
1628,001460010,78.0,0.19,51.3,337.5,0.0075,0.09,0.0,0.42,15.244,0.25,,,,0.22,950.0,2.07,,,
1629,001460011,78.0,0.19,51.3,337.5,0.0075,0.09,0.0,0.42,9.146,0.379,,,,0.22,950.0,2.07,,,
1630,001460012,78.0,0.19,51.3,337.5,0.0075,0.09,0.0,0.42,91.463,0.024,,,,0.22,950.0,2.07,,,
1631,001460013,78.0,0.19,51.3,337.5,0.0075,0.09,0.0,0.42,60.976,0.066,,,,0.22,950.0,2.07,,,
1632,001460014,78.0,0.19,51.3,337.5,0.0075,0.09,0.0,0.42,91.463,0.027,,,,0.22,950.0,2.07,,,
1633,001460015,78.0,0.19,51.3,337.5,0.0075,0.09,0.0,0.42,60.976,0.069,,,,0.22,950.0,2.07,,,
1634,001470000,,,,,,,,,,,,,,,,,0.17,78.75,0.35
1635,001470001,78.0,0.19,51.3,337.5,0.0075,0.09,0.0,0.42,24.39,0.124,,,,0.22,950.0,2.07,,,
1636,001470002,78.0,0.19,51.3,337.5,0.0075,0.09,0.0,0.42,60.976,0.073,,,,0.22,950.0,2.07,,,
1637,001470003,78.0,0.19,51.3,337.5,0.0075,0.09,0.0,0.42,9.146,0.386,,,,0.22,950.0,2.07,,,
1638,001470004,78.0,0.19,51.3,337.5,0.0075,0.09,0.0,0.42,15.244,0.245,,,,0.22,950.0,2.07,,,
1639,001470005,78.0,0.19,51.3,337.5,0.0075,0.09,0.0,0.42,18.293,0.174,,,,0.22,950.0,2.07,,,
1640,001470006,78.0,0.19,51.3,337.5,0.0075,0.09,0.0,0.42,121.951,0.017,,,,0.22,950.0,2.07,,,
1641,001470007,78.0,0.19,51.3,337.5,0.0075,0.09,0.0,0.42,60.976,0.074,,,,0.22,950.0,2.07,,,
1642,001470008,78.0,0.19,51.3,337.5,0.0075,0.09,0.0,0.42,18.293,0.172,,,,0.22,950.0,2.07,,,
1643,001470009,78.0,0.19,51.3,337.5,0.0075,0.09,0.0,0.42,15.244,0.237,,,,0.22,950.0,2.07,,,
1644,001470010,78.0,0.19,51.3,337.5,0.0075,0.09,0.0,0.42,91.463,0.024,,,,0.22,950.0,2.07,,,
1645,001470011,78.0,0.19,51.3,337.5,0.0075,0.09,0.0,0.42,24.39,0.122,,,,0.22,950.0,2.07,,,
1646,001470012,78.0,0.19,51.3,337.5,0.0075,0.09,0.0,0.42,60.976,0.119,,,,0.22,950.0,2.07,,,
1647,001470013,78.0,0.19,51.3,337.5,0.0075,0.09,0.0,0.42,60.976,0.075,,,,0.22,950.0,2.07,,,
1648,001470014,78.0,0.19,51.3,337.5,0.0075,0.09,0.0,0.42,91.463,0.026,,,,0.22,950.0,2.07,,,
1649,001480000,,,,,,,,,,,,,,,,,0.17,78.75,0.35
1650,001480001,78.0,0.19,51.3,337.5,0.0075,0.09,0.0,0.42,91.463,0.02,,,,0.22,950.0,2.07,,,
1651,001480002,78.0,0.19,51.3,337.5,0.0075,0.09,0.0,0.42,60.976,0.071,,,,0.22,950.0,2.07,,,
1652,001480003,78.0,0.19,51.3,337.5,0.0075,0.09,0.0,0.42,24.39,0.121,,,,0.22,950.0,2.07,,,
1653,001480004,78.0,0.19,51.3,337.5,0.0075,0.09,0.0,0.42,91.463,0.022,,,,0.22,950.0,2.07,,,
1654,001480005,78.0,0.19,51.3,337.5,0.0075,0.09,0.0,0.42,24.39,0.121,,,,0.22,950.0,2.07,,,
1655,001480006,78.0,0.19,51.3,337.5,0.0075,0.09,0.0,0.42,60.976,0.072,,,,0.22,950.0,2.07,,,
1656,001480007,78.0,0.19,51.3,337.5,0.0075,0.09,0.0,0.42,9.146,0.38,,,,0.22,950.0,2.07,,,
1657,001480008,78.0,0.19,51.3,337.5,0.0075,0.09,0.0,0.42,15.244,0.245,,,,0.22,950.0,2.07,,,
1658,001480009,78.0,0.19,51.3,337.5,0.0075,0.09,0.0,0.42,91.463,0.025,,,,0.22,950.0,2.07,,,
1659,001480010,78.0,0.19,51.3,337.5,0.0075,0.09,0.0,0.42,24.39,0.123,,,,0.22,950.0,2.07,,,
1660,001480011,78.0,0.19,51.3,337.5,0.0075,0.09,0.0,0.42,18.293,0.175,,,,0.22,950.0,2.07,,,
1661,001480012,78.0,0.19,51.3,337.5,0.0075,0.09,0.0,0.42,60.976,0.073,,,,0.22,950.0,2.07,,,
1662,001480013,78.0,0.19,51.3,337.5,0.0075,0.09,0.0,0.42,18.293,0.174,,,,0.22,950.0,2.07,,,
1663,001480014,78.0,0.19,51.3,337.5,0.0075,0.09,0.0,0.42,15.244,0.244,,,,0.22,950.0,2.07,,,
1664,001480015,78.0,0.19,51.3,337.5,0.0075,0.09,0.0,0.42,9.146,0.372,,,,0.22,950.0,2.07,,,
1665,001480016,78.0,0.19,51.3,337.5,0.0075,0.09,0.0,0.42,91.463,0.025,,,,0.22,950.0,2.07,,,
1666,001480017,78.0,0.19,51.3,337.5,0.0075,0.09,0.0,0.42,60.976,0.073,,,,0.22,950.0,2.07,,,
1667,001480018,78.0,0.19,51.3,337.5,0.0075,0.09,0.0,0.42,24.39,0.122,,,,0.22,950.0,2.07,,,
1668,001480019,78.0,0.19,51.3,337.5,0.0075,0.09,0.0,0.42,9.146,0.383,,,,0.22,950.0,2.07,,,
1669,001480020,78.0,0.19,51.3,337.5,0.0075,0.09,0.0,0.42,15.244,0.249,,,,0.22,950.0,2.07,,,
1670,001480021,78.0,0.19,51.3,337.5,0.0075,0.09,0.0,0.42,18.293,0.176,,,,0.22,950.0,2.07,,,
1671,001490000,,,,,,,,,,,,,,,,,0.17,78.75,0.35
1672,001490001,78.0,0.19,51.3,337.5,0.0075,0.09,0.0,0.42,9.146,0.387,,,,0.22,950.0,2.07,,,
1673,001490002,78.0,0.19,51.3,337.5,0.0075,0.09,0.0,0.42,15.244,0.25,,,,0.22,950.0,2.07,,,
1674,001490003,78.0,0.19,51.3,337.5,0.0075,0.09,0.0,0.42,9.146,0.384,,,,0.22,950.0,2.07,,,
1675,001490004,78.0,0.19,51.3,337.5,0.0075,0.09,0.0,0.42,15.244,0.247,,,,0.22,950.0,2.07,,,
1676,001490005,78.0,0.19,51.3,337.5,0.0075,0.09,0.0,0.42,24.39,0.122,,,,0.22,950.0,2.07,,,
1677,001490006,78.0,0.19,51.3,337.5,0.0075,0.09,0.0,0.42,121.951,0.019,,,,0.22,950.0,2.07,,,
1678,001490007,78.0,0.19,51.3,337.5,0.0075,0.09,0.0,0.42,18.293,0.174,,,,0.22,950.0,2.07,,,
1679,001490008,78.0,0.19,51.3,337.5,0.0075,0.09,0.0,0.42,60.976,0.074,,,,0.22,950.0,2.07,,,
1680,001490009,78.0,0.19,51.3,337.5,0.0075,0.09,0.0,0.42,24.39,0.124,,,,0.22,950.0,2.07,,,
1681,001490010,78.0,0.19,51.3,337.5,0.0075,0.09,0.0,0.42,18.293,0.174,,,,0.22,950.0,2.07,,,
1682,001490011,78.0,0.19,51.3,337.5,0.0075,0.09,0.0,0.42,15.244,0.247,,,,0.22,950.0,2.07,,,
1683,001490012,78.0,0.19,51.3,337.5,0.0075,0.09,0.0,0.42,60.976,0.074,,,,0.22,950.0,2.07,,,
1684,001490013,78.0,0.19,51.3,337.5,0.0075,0.09,0.0,0.42,9.146,0.37,,,,0.22,950.0,2.07,,,
1685,001490014,78.0,0.19,51.3,337.5,0.0075,0.09,0.0,0.42,121.951,0.017,,,,0.22,950.0,2.07,,,
1686,001490015,78.0,0.19,51.3,337.5,0.0075,0.09,0.0,0.42,24.39,0.121,,,,0.22,950.0,2.07,,,
1687,001490016,78.0,0.19,51.3,337.5,0.0075,0.09,0.0,0.42,60.976,0.072,,,,0.22,950.0,2.07,,,
1688,001490017,78.0,0.19,51.3,337.5,0.0075,0.09,0.0,0.42,91.463,0.023,,,,0.22,950.0,2.07,,,
1689,001500000,,,,,,,,,,,,,,,,,0.17,78.75,0.35
1690,001500001,78.0,0.19,51.3,337.5,0.0075,0.09,0.0,0.42,9.146,0.388,,,,0.22,950.0,2.07,,,
1691,001500002,78.0,0.19,51.3,337.5,0.0075,0.09,0.0,0.42,15.244,0.25,,,,0.22,950.0,2.07,,,
1692,001500003,78.0,0.19,51.3,337.5,0.0075,0.09,0.0,0.42,24.39,0.124,,,,0.22,950.0,2.07,,,
1693,001500004,78.0,0.19,51.3,337.5,0.0075,0.09,0.0,0.42,121.951,0.015,,,,0.22,950.0,2.07,,,
1694,001500005,78.0,0.19,51.3,337.5,0.0075,0.09,0.0,0.42,15.244,0.247,,,,0.22,950.0,2.07,,,
1695,001500006,78.0,0.19,51.3,337.5,0.0075,0.09,0.0,0.42,9.146,0.387,,,,0.22,950.0,2.07,,,
1696,001500007,78.0,0.19,51.3,337.5,0.0075,0.09,0.0,0.42,60.976,0.074,,,,0.22,950.0,2.07,,,
1697,001500008,78.0,0.19,51.3,337.5,0.0075,0.09,0.0,0.42,121.951,0.017,,,,0.22,950.0,2.07,,,
1698,001510000,,,,,,,,,,,,,,,,,0.17,78.75,0.35
1699,001510001,78.0,0.19,51.3,337.5,0.0075,0.09,0.0,0.42,9.146,0.588,,,,0.22,950.0,2.07,,,
1700,001510002,78.0,0.19,51.3,337.5,0.0075,0.09,0.0,0.42,9.146,0.391,,,,0.22,950.0,2.07,,,
1701,001510003,78.0,0.19,51.3,337.5,0.0075,0.09,0.0,0.42,9.146,0.252,,,,0.22,950.0,2.07,,,
1702,001510004,78.0,0.19,51.3,337.5,0.0075,0.09,0.0,0.42,60.976,0.072,,,,0.22,950.0,2.07,,,
1703,001510005,78.0,0.19,51.3,337.5,0.0075,0.09,0.0,0.42,91.463,0.022,,,,0.22,950.0,2.07,,,
1704,001510006,78.0,0.19,51.3,337.5,0.0075,0.09,0.0,0.42,60.976,0.069,,,,0.22,950.0,2.07,,,
1705,001510007,78.0,0.19,51.3,337.5,0.0075,0.09,0.0,0.42,91.463,0.022,,,,0.22,950.0,2.07,,,
1706,001510008,78.0,0.19,51.3,337.5,0.0075,0.09,0.0,0.42,15.244,0.248,,,,0.22,950.0,2.07,,,
1707,001510009,78.0,0.19,51.3,337.5,0.0075,0.09,0.0,0.42,9.146,0.381,,,,0.22,950.0,2.07,,,
1708,001510010,78.0,0.19,51.3,337.5,0.0075,0.09,0.0,0.42,24.39,0.124,,,,0.22,950.0,2.07,,,
1709,001510011,78.0,0.19,51.3,337.5,0.0075,0.09,0.0,0.42,18.293,0.175,,,,0.22,950.0,2.07,,,
1710,001510012,78.0,0.19,51.3,337.5,0.0075,0.09,0.0,0.42,15.244,0.245,,,,0.22,950.0,2.07,,,
1711,001510013,78.0,0.19,51.3,337.5,0.0075,0.09,0.0,0.42,9.146,0.365,,,,0.22,950.0,2.07,,,
1712,001510014,78.0,0.19,51.3,337.5,0.0075,0.09,0.0,0.42,60.976,0.074,,,,0.22,950.0,2.07,,,
1713,001510015,78.0,0.19,51.3,337.5,0.0075,0.09,0.0,0.42,24.39,0.123,,,,0.22,950.0,2.07,,,
1714,001510016,78.0,0.19,51.3,337.5,0.0075,0.09,0.0,0.42,18.293,0.174,,,,0.22,950.0,2.07,,,
1715,001520000,,,,,,,,,,,,,,,,,0.17,78.75,0.35
1716,001520001,78.0,0.19,51.3,337.5,0.0075,0.09,0.0,0.42,15.244,0.248,,,,0.22,950.0,2.07,,,
1717,001520002,78.0,0.19,51.3,337.5,0.0075,0.09,0.0,0.42,18.293,0.175,,,,0.22,950.0,2.07,,,
1718,001520003,78.0,0.19,51.3,337.5,0.0075,0.09,0.0,0.42,9.146,0.387,,,,0.22,950.0,2.07,,,
1719,001520004,78.0,0.19,51.3,337.5,0.0075,0.09,0.0,0.42,9.146,0.572,,,,0.22,950.0,2.07,,,
1720,001520005,78.0,0.19,51.3,337.5,0.0075,0.09,0.0,0.42,24.39,0.125,,,,0.22,950.0,2.07,,,
1721,001520006,78.0,0.19,51.3,337.5,0.0075,0.09,0.0,0.42,9.146,0.396,,,,0.22,950.0,2.07,,,
1722,001520007,78.0,0.19,51.3,337.5,0.0075,0.09,0.0,0.42,15.244,0.248,,,,0.22,950.0,2.07,,,
1723,001520008,78.0,0.19,51.3,337.5,0.0075,0.09,0.0,0.42,60.976,0.073,,,,0.22,950.0,2.07,,,
1724,001520009,78.0,0.19,51.3,337.5,0.0075,0.09,0.0,0.42,91.463,0.022,,,,0.22,950.0,2.07,,,
1725,001520010,78.0,0.19,51.3,337.5,0.0075,0.09,0.0,0.42,9.146,0.387,,,,0.22,950.0,2.07,,,
1726,001520011,78.0,0.19,51.3,337.5,0.0075,0.09,0.0,0.42,15.244,0.245,,,,0.22,950.0,2.07,,,
1727,001520012,78.0,0.19,51.3,337.5,0.0075,0.09,0.0,0.42,60.976,0.076,,,,0.22,950.0,2.07,,,
1728,001520013,78.0,0.19,51.3,337.5,0.0075,0.09,0.0,0.42,24.39,0.124,,,,0.22,950.0,2.07,,,
1729,001520014,78.0,0.19,51.3,337.5,0.0075,0.09,0.0,0.42,18.293,0.174,,,,0.22,950.0,2.07,,,
1730,001530000,,,,,,,,,,,,,,,,,0.17,78.75,0.35
1731,001530001,78.0,0.19,51.3,337.5,0.0075,0.09,0.0,0.42,24.39,0.121,,,,0.22,950.0,2.07,,,
1732,001530002,78.0,0.19,51.3,337.5,0.0075,0.09,0.0,0.42,60.976,0.073,,,,0.22,950.0,2.07,,,
1733,001530003,78.0,0.19,51.3,337.5,0.0075,0.09,0.0,0.42,91.463,0.024,,,,0.22,950.0,2.07,,,
1734,001540000,,,,,,,,,,,,,,,,,0.17,78.75,0.35
1735,001540001,78.0,0.19,51.3,337.5,0.0075,0.09,0.0,0.42,24.39,0.124,,,,0.22,950.0,2.07,,,
1736,001540002,78.0,0.19,51.3,337.5,0.0075,0.09,0.0,0.42,18.293,0.175,,,,0.22,950.0,2.07,,,
1737,001540003,78.0,0.19,51.3,337.5,0.0075,0.09,0.0,0.42,15.244,0.247,,,,0.22,950.0,2.07,,,
1738,001540004,78.0,0.19,51.3,337.5,0.0075,0.09,0.0,0.42,9.146,0.377,,,,0.22,950.0,2.07,,,
1739,001550000,,,,,,,,,,,,,,,,,0.17,78.75,0.35
1740,001550001,78.0,0.19,51.3,337.5,0.0075,0.09,0.0,0.42,121.951,0.015,,,,0.22,950.0,2.07,,,
1741,001550002,78.0,0.19,51.3,337.5,0.0075,0.09,0.0,0.42,91.463,0.021,,,,0.22,950.0,2.07,,,
1742,001550003,78.0,0.19,51.3,337.5,0.0075,0.09,0.0,0.42,60.976,0.069,,,,0.22,950.0,2.07,,,
1743,001560000,,,,,,,,,,,,,,,,,0.17,78.75,0.35
1744,001560001,78.0,0.19,51.3,337.5,0.0075,0.09,0.0,0.42,60.976,0.119,,,,0.22,950.0,2.07,,,
1745,001560002,78.0,0.19,51.3,337.5,0.0075,0.09,0.0,0.42,60.976,0.071,,,,0.22,950.0,2.07,,,
1746,001560003,78.0,0.19,51.3,337.5,0.0075,0.09,0.0,0.42,91.463,0.025,,,,0.22,950.0,2.07,,,
1747,001560004,78.0,0.19,51.3,337.5,0.0075,0.09,0.0,0.42,91.463,0.02,,,,0.22,950.0,2.07,,,
1748,001560005,78.0,0.19,51.3,337.5,0.0075,0.09,0.0,0.42,18.293,0.172,,,,0.22,950.0,2.07,,,
1749,001560006,78.0,0.19,51.3,337.5,0.0075,0.09,0.0,0.42,60.976,0.074,,,,0.22,950.0,2.07,,,
1750,001560007,78.0,0.19,51.3,337.5,0.0075,0.09,0.0,0.42,24.39,0.121,,,,0.22,950.0,2.07,,,
1751,001560008,78.0,0.19,51.3,337.5,0.0075,0.09,0.0,0.42,15.244,0.25,,,,0.22,950.0,2.07,,,
1752,001560009,78.0,0.19,51.3,337.5,0.0075,0.09,0.0,0.42,60.976,0.074,,,,0.22,950.0,2.07,,,
1753,001560010,78.0,0.19,51.3,337.5,0.0075,0.09,0.0,0.42,9.146,0.381,,,,0.22,950.0,2.07,,,
1754,001560011,78.0,0.19,51.3,337.5,0.0075,0.09,0.0,0.42,91.463,0.024,,,,0.22,950.0,2.07,,,
1755,001560012,78.0,0.19,51.3,337.5,0.0075,0.09,0.0,0.42,9.146,0.374,,,,0.22,950.0,2.07,,,
1756,001560013,78.0,0.19,51.3,337.5,0.0075,0.09,0.0,0.42,15.244,0.242,,,,0.22,950.0,2.07,,,
1757,001560014,78.0,0.19,51.3,337.5,0.0075,0.09,0.0,0.42,60.976,0.074,,,,0.22,950.0,2.07,,,
1758,001560015,78.0,0.19,51.3,337.5,0.0075,0.09,0.0,0.42,24.39,0.121,,,,0.22,950.0,2.07,,,
1759,001560016,78.0,0.19,51.3,337.5,0.0075,0.09,0.0,0.42,91.463,0.024,,,,0.22,950.0,2.07,,,
1760,001570000,,,,,,,,,,,,,,,,,0.17,78.75,0.35
1761,001570001,78.0,0.19,51.3,337.5,0.0075,0.09,0.0,0.42,91.463,0.027,,,,0.22,950.0,2.07,,,
1762,001570002,78.0,0.19,51.3,337.5,0.0075,0.09,0.0,0.42,60.976,0.073,,,,0.22,950.0,2.07,,,
1763,001570003,78.0,0.19,51.3,337.5,0.0075,0.09,0.0,0.42,24.39,0.122,,,,0.22,950.0,2.07,,,
1764,001570004,78.0,0.19,51.3,337.5,0.0075,0.09,0.0,0.42,9.146,0.381,,,,0.22,950.0,2.07,,,
1765,001570005,78.0,0.19,51.3,337.5,0.0075,0.09,0.0,0.42,15.244,0.247,,,,0.22,950.0,2.07,,,
1766,001570006,78.0,0.19,51.3,337.5,0.0075,0.09,0.0,0.42,60.976,0.069,,,,0.22,950.0,2.07,,,
1767,001570007,78.0,0.19,51.3,337.5,0.0075,0.09,0.0,0.42,91.463,0.024,,,,0.22,950.0,2.07,,,
1768,001570008,78.0,0.19,51.3,337.5,0.0075,0.09,0.0,0.42,60.976,0.07,,,,0.22,950.0,2.07,,,
1769,001570009,78.0,0.19,51.3,337.5,0.0075,0.09,0.0,0.42,60.976,0.117,,,,0.22,950.0,2.07,,,
1770,001570010,78.0,0.19,51.3,337.5,0.0075,0.09,0.0,0.42,91.463,0.024,,,,0.22,950.0,2.07,,,
1771,001570011,78.0,0.19,51.3,337.5,0.0075,0.09,0.0,0.42,60.976,0.073,,,,0.22,950.0,2.07,,,
1772,001570012,78.0,0.19,51.3,337.5,0.0075,0.09,0.0,0.42,91.463,0.026,,,,0.22,950.0,2.07,,,
1773,001570013,78.0,0.19,51.3,337.5,0.0075,0.09,0.0,0.42,24.39,0.121,,,,0.22,950.0,2.07,,,
1774,001580000,,,,,,,,,,,,,,,,,0.17,78.75,0.35
1775,001580001,78.0,0.19,51.3,337.5,0.0075,0.09,0.0,0.42,9.146,0.255,,,,0.22,950.0,2.07,,,
1776,001580002,78.0,0.19,51.3,337.5,0.0075,0.09,0.0,0.42,9.146,0.392,,,,0.22,950.0,2.07,,,
1777,001580003,78.0,0.19,51.3,337.5,0.0075,0.09,0.0,0.42,9.146,0.379,,,,0.22,950.0,2.07,,,
1778,001580004,78.0,0.19,51.3,337.5,0.0075,0.09,0.0,0.42,15.244,0.25,,,,0.22,950.0,2.07,,,
1779,001580005,78.0,0.19,51.3,337.5,0.0075,0.09,0.0,0.42,18.293,0.175,,,,0.22,950.0,2.07,,,
1780,001580006,78.0,0.19,51.3,337.5,0.0075,0.09,0.0,0.42,9.146,0.374,,,,0.22,950.0,2.07,,,
1781,001580007,78.0,0.19,51.3,337.5,0.0075,0.09,0.0,0.42,15.244,0.247,,,,0.22,950.0,2.07,,,
1782,001580008,78.0,0.19,51.3,337.5,0.0075,0.09,0.0,0.42,121.951,0.015,,,,0.22,950.0,2.07,,,
1783,001580009,78.0,0.19,51.3,337.5,0.0075,0.09,0.0,0.42,24.39,0.122,,,,0.22,950.0,2.07,,,
1784,001580010,78.0,0.19,51.3,337.5,0.0075,0.09,0.0,0.42,60.976,0.073,,,,0.22,950.0,2.07,,,
1785,001580011,78.0,0.19,51.3,337.5,0.0075,0.09,0.0,0.42,15.244,0.244,,,,0.22,950.0,2.07,,,
1786,001580012,78.0,0.19,51.3,337.5,0.0075,0.09,0.0,0.42,24.39,0.124,,,,0.22,950.0,2.07,,,
1787,001580013,78.0,0.19,51.3,337.5,0.0075,0.09,0.0,0.42,60.976,0.076,,,,0.22,950.0,2.07,,,
1788,001580014,78.0,0.19,51.3,337.5,0.0075,0.09,0.0,0.42,121.951,0.015,,,,0.22,950.0,2.07,,,
1789,001580015,78.0,0.19,51.3,337.5,0.0075,0.09,0.0,0.42,9.146,0.375,,,,0.22,950.0,2.07,,,
1790,001580016,78.0,0.19,51.3,337.5,0.0075,0.09,0.0,0.42,18.293,0.172,,,,0.22,950.0,2.07,,,
1791,001590000,,,,,,,,,,,,,,,,,0.17,78.75,0.35
1792,001590001,78.0,0.19,51.3,337.5,0.0075,0.09,0.0,0.42,91.463,0.027,,,,0.22,950.0,2.07,,,
1793,001590002,78.0,0.19,51.3,337.5,0.0075,0.09,0.0,0.42,60.976,0.073,,,,0.22,950.0,2.07,,,
1794,001590003,78.0,0.19,51.3,337.5,0.0075,0.09,0.0,0.42,60.976,0.116,,,,0.22,950.0,2.07,,,
1795,001590004,78.0,0.19,51.3,337.5,0.0075,0.09,0.0,0.42,91.463,0.027,,,,0.22,950.0,2.07,,,
1796,001590005,78.0,0.19,51.3,337.5,0.0075,0.09,0.0,0.42,60.976,0.072,,,,0.22,950.0,2.07,,,
1797,001590006,78.0,0.19,51.3,337.5,0.0075,0.09,0.0,0.42,60.976,0.116,,,,0.22,950.0,2.07,,,
1798,001590007,78.0,0.19,51.3,337.5,0.0075,0.09,0.0,0.42,91.463,0.026,,,,0.22,950.0,2.07,,,
1799,001590008,78.0,0.19,51.3,337.5,0.0075,0.09,0.0,0.42,60.976,0.071,,,,0.22,950.0,2.07,,,
1800,001590009,78.0,0.19,51.3,337.5,0.0075,0.09,0.0,0.42,24.39,0.121,,,,0.22,950.0,2.07,,,
1801,001590010,78.0,0.19,51.3,337.5,0.0075,0.09,0.0,0.42,91.463,0.024,,,,0.22,950.0,2.07,,,
1802,001590011,78.0,0.19,51.3,337.5,0.0075,0.09,0.0,0.42,60.976,0.071,,,,0.22,950.0,2.07,,,
1803,001590012,78.0,0.19,51.3,337.5,0.0075,0.09,0.0,0.42,91.463,0.023,,,,0.22,950.0,2.07,,,
1804,001590013,78.0,0.19,51.3,337.5,0.0075,0.09,0.0,0.42,60.976,0.07,,,,0.22,950.0,2.07,,,
1805,001600000,,,,,,,,,,,,,,,,,0.17,78.75,0.35
1806,001600001,78.0,0.19,51.3,337.5,0.0075,0.09,0.0,0.42,91.463,0.026,,,,0.22,950.0,2.07,,,
1807,001600002,78.0,0.19,51.3,337.5,0.0075,0.09,0.0,0.42,60.976,0.072,,,,0.22,950.0,2.07,,,
1808,001600003,78.0,0.19,51.3,337.5,0.0075,0.09,0.0,0.42,24.39,0.122,,,,0.22,950.0,2.07,,,
1809,001600004,78.0,0.19,51.3,337.5,0.0075,0.09,0.0,0.42,18.293,0.172,,,,0.22,950.0,2.07,,,
1810,001600005,78.0,0.19,51.3,337.5,0.0075,0.09,0.0,0.42,15.244,0.241,,,,0.22,950.0,2.07,,,
1811,001600006,78.0,0.19,51.3,337.5,0.0075,0.09,0.0,0.42,9.146,0.373,,,,0.22,950.0,2.07,,,
1812,001600007,78.0,0.19,51.3,337.5,0.0075,0.09,0.0,0.42,60.976,0.067,,,,0.22,950.0,2.07,,,
1813,001600008,78.0,0.19,51.3,337.5,0.0075,0.09,0.0,0.42,91.463,0.021,,,,0.22,950.0,2.07,,,
1814,001610000,,,,,,,,,,,,,,,,,0.17,78.75,0.35
1815,001610001,78.0,0.19,51.3,337.5,0.0075,0.09,0.0,0.42,9.146,0.388,,,,0.22,950.0,2.07,,,
1816,001610002,78.0,0.19,51.3,337.5,0.0075,0.09,0.0,0.42,15.244,0.248,,,,0.22,950.0,2.07,,,
1817,001610003,78.0,0.19,51.3,337.5,0.0075,0.09,0.0,0.42,9.146,0.614,,,,0.22,950.0,2.07,,,
1818,001610004,78.0,0.19,51.3,337.5,0.0075,0.09,0.0,0.42,9.146,0.254,,,,0.22,950.0,2.07,,,
1819,001610005,78.0,0.19,51.3,337.5,0.0075,0.09,0.0,0.42,9.146,0.385,,,,0.22,950.0,2.07,,,
1820,001610006,78.0,0.19,51.3,337.5,0.0075,0.09,0.0,0.42,9.146,0.581,,,,0.22,950.0,2.07,,,
1821,001610007,78.0,0.19,51.3,337.5,0.0075,0.09,0.0,0.42,9.146,0.382,,,,0.22,950.0,2.07,,,
1822,001610008,78.0,0.19,51.3,337.5,0.0075,0.09,0.0,0.42,15.244,0.246,,,,0.22,950.0,2.07,,,
1823,001610009,78.0,0.19,51.3,337.5,0.0075,0.09,0.0,0.42,60.976,0.072,,,,0.22,950.0,2.07,,,
1824,001610010,78.0,0.19,51.3,337.5,0.0075,0.09,0.0,0.42,24.39,0.122,,,,0.22,950.0,2.07,,,
1825,001610011,78.0,0.19,51.3,337.5,0.0075,0.09,0.0,0.42,91.463,0.023,,,,0.22,950.0,2.07,,,
1826,001610012,78.0,0.19,51.3,337.5,0.0075,0.09,0.0,0.42,15.244,0.245,,,,0.22,950.0,2.07,,,
1827,001610013,78.0,0.19,51.3,337.5,0.0075,0.09,0.0,0.42,9.146,0.386,,,,0.22,950.0,2.07,,,
1828,001610014,78.0,0.19,51.3,337.5,0.0075,0.09,0.0,0.42,24.39,0.123,,,,0.22,950.0,2.07,,,
1829,001610015,78.0,0.19,51.3,337.5,0.0075,0.09,0.0,0.42,60.976,0.074,,,,0.22,950.0,2.07,,,
1830,001610016,78.0,0.19,51.3,337.5,0.0075,0.09,0.0,0.42,91.463,0.023,,,,0.22,950.0,2.07,,,
1831,001610017,78.0,0.19,51.3,337.5,0.0075,0.09,0.0,0.42,60.976,0.071,,,,0.22,950.0,2.07,,,
1832,001610018,78.0,0.19,51.3,337.5,0.0075,0.09,0.0,0.42,91.463,0.025,,,,0.22,950.0,2.07,,,
1833,001610019,78.0,0.19,51.3,337.5,0.0075,0.09,0.0,0.42,60.976,0.068,,,,0.22,950.0,2.07,,,
1834,001610020,78.0,0.19,51.3,337.5,0.0075,0.09,0.0,0.42,91.463,0.025,,,,0.22,950.0,2.07,,,
1835,001620000,,,,,,,,,,,,,,,,,0.17,78.75,0.35
1836,001620001,78.0,0.19,51.3,337.5,0.0075,0.09,0.0,0.42,91.463,0.025,,,,0.22,950.0,2.07,,,
1837,001620002,78.0,0.19,51.3,337.5,0.0075,0.09,0.0,0.42,60.976,0.072,,,,0.22,950.0,2.07,,,
1838,001620003,78.0,0.19,51.3,337.5,0.0075,0.09,0.0,0.42,60.976,0.12,,,,0.22,950.0,2.07,,,
1839,001620004,78.0,0.19,51.3,337.5,0.0075,0.09,0.0,0.42,91.463,0.024,,,,0.22,950.0,2.07,,,
1840,001620005,78.0,0.19,51.3,337.5,0.0075,0.09,0.0,0.42,60.976,0.071,,,,0.22,950.0,2.07,,,
1841,001620006,78.0,0.19,51.3,337.5,0.0075,0.09,0.0,0.42,24.39,0.12,,,,0.22,950.0,2.07,,,
1842,001620007,78.0,0.19,51.3,337.5,0.0075,0.09,0.0,0.42,121.951,0.01,,,,0.22,950.0,2.07,,,
1843,001620008,78.0,0.19,51.3,337.5,0.0075,0.09,0.0,0.42,121.951,0.009,,,,0.22,950.0,2.07,,,
1844,001620009,78.0,0.19,51.3,337.5,0.0075,0.09,0.0,0.42,60.976,0.071,,,,0.22,950.0,2.07,,,
1845,001630000,,,,,,,,,,,,,,,,,0.17,78.75,0.35
1846,001630001,78.0,0.19,51.3,337.5,0.0075,0.09,0.0,0.42,9.146,0.375,,,,0.22,950.0,2.07,,,
1847,001630002,78.0,0.19,51.3,337.5,0.0075,0.09,0.0,0.42,15.244,0.245,,,,0.22,950.0,2.07,,,
1848,001630003,78.0,0.19,51.3,337.5,0.0075,0.09,0.0,0.42,24.39,0.125,,,,0.22,950.0,2.07,,,
1849,001630004,78.0,0.19,51.3,337.5,0.0075,0.09,0.0,0.42,18.293,0.175,,,,0.22,950.0,2.07,,,
1850,001630005,78.0,0.19,51.3,337.5,0.0075,0.09,0.0,0.42,15.244,0.248,,,,0.22,950.0,2.07,,,
1851,001630006,78.0,0.19,51.3,337.5,0.0075,0.09,0.0,0.42,18.293,0.173,,,,0.22,950.0,2.07,,,
1852,001630007,78.0,0.19,51.3,337.5,0.0075,0.09,0.0,0.42,9.146,0.387,,,,0.22,950.0,2.07,,,
1853,001630008,78.0,0.19,51.3,337.5,0.0075,0.09,0.0,0.42,24.39,0.123,,,,0.22,950.0,2.07,,,
1854,001630009,78.0,0.19,51.3,337.5,0.0075,0.09,0.0,0.42,60.976,0.074,,,,0.22,950.0,2.07,,,
1855,001630010,78.0,0.19,51.3,337.5,0.0075,0.09,0.0,0.42,91.463,0.021,,,,0.22,950.0,2.07,,,
1856,001630011,78.0,0.19,51.3,337.5,0.0075,0.09,0.0,0.42,24.39,0.122,,,,0.22,950.0,2.07,,,
1857,001630012,78.0,0.19,51.3,337.5,0.0075,0.09,0.0,0.42,18.293,0.172,,,,0.22,950.0,2.07,,,
1858,001630013,78.0,0.19,51.3,337.5,0.0075,0.09,0.0,0.42,15.244,0.242,,,,0.22,950.0,2.07,,,
1859,001630014,78.0,0.19,51.3,337.5,0.0075,0.09,0.0,0.42,15.244,0.239,,,,0.22,950.0,2.07,,,
1860,001630015,78.0,0.19,51.3,337.5,0.0075,0.09,0.0,0.42,91.463,0.025,,,,0.22,950.0,2.07,,,
1861,001630016,78.0,0.19,51.3,337.5,0.0075,0.09,0.0,0.42,24.39,0.122,,,,0.22,950.0,2.07,,,
1862,001630017,78.0,0.19,51.3,337.5,0.0075,0.09,0.0,0.42,60.976,0.074,,,,0.22,950.0,2.07,,,
1863,001630018,78.0,0.19,51.3,337.5,0.0075,0.09,0.0,0.42,18.293,0.172,,,,0.22,950.0,2.07,,,
1864,001630019,78.0,0.19,51.3,337.5,0.0075,0.09,0.0,0.42,91.463,0.021,,,,0.22,950.0,2.07,,,
1865,001630020,78.0,0.19,51.3,337.5,0.0075,0.09,0.0,0.42,60.976,0.07,,,,0.22,950.0,2.07,,,
1866,001640000,,,,,,,,,,,,,,,,,0.17,78.75,0.35
1867,001640001,78.0,0.19,51.3,337.5,0.0075,0.09,0.0,0.42,60.976,0.069,,,,0.22,950.0,2.07,,,
1868,001640002,78.0,0.19,51.3,337.5,0.0075,0.09,0.0,0.42,91.463,0.024,,,,0.22,950.0,2.07,,,
1869,001640003,78.0,0.19,51.3,337.5,0.0075,0.09,0.0,0.42,9.146,0.385,,,,0.22,950.0,2.07,,,
1870,001640004,78.0,0.19,51.3,337.5,0.0075,0.09,0.0,0.42,9.146,0.253,,,,0.22,950.0,2.07,,,
1871,001640005,78.0,0.19,51.3,337.5,0.0075,0.09,0.0,0.42,91.463,0.024,,,,0.22,950.0,2.07,,,
1872,001640006,78.0,0.19,51.3,337.5,0.0075,0.09,0.0,0.42,60.976,0.073,,,,0.22,950.0,2.07,,,
1873,001640007,78.0,0.19,51.3,337.5,0.0075,0.09,0.0,0.42,24.39,0.121,,,,0.22,950.0,2.07,,,
1874,001640008,78.0,0.19,51.3,337.5,0.0075,0.09,0.0,0.42,9.146,0.385,,,,0.22,950.0,2.07,,,
1875,001650000,,,,,,,,,,,,,,,,,0.17,78.75,0.35
1876,001650001,78.0,0.19,51.3,337.5,0.0075,0.09,0.0,0.42,60.976,0.075,,,,0.22,950.0,2.07,,,
1877,001650002,78.0,0.19,51.3,337.5,0.0075,0.09,0.0,0.42,24.39,0.121,,,,0.22,950.0,2.07,,,
1878,001650003,78.0,0.19,51.3,337.5,0.0075,0.09,0.0,0.42,18.293,0.172,,,,0.22,950.0,2.07,,,
1879,001650004,78.0,0.19,51.3,337.5,0.0075,0.09,0.0,0.42,15.244,0.234,,,,0.22,950.0,2.07,,,
1880,001650005,78.0,0.19,51.3,337.5,0.0075,0.09,0.0,0.42,91.463,0.027,,,,0.22,950.0,2.07,,,
1881,001650006,78.0,0.19,51.3,337.5,0.0075,0.09,0.0,0.42,60.976,0.073,,,,0.22,950.0,2.07,,,
1882,001650007,78.0,0.19,51.3,337.5,0.0075,0.09,0.0,0.42,15.244,0.244,,,,0.22,950.0,2.07,,,
1883,001650008,78.0,0.19,51.3,337.5,0.0075,0.09,0.0,0.42,24.39,0.123,,,,0.22,950.0,2.07,,,
1884,001650009,78.0,0.19,51.3,337.5,0.0075,0.09,0.0,0.42,91.463,0.022,,,,0.22,950.0,2.07,,,
1885,001650010,78.0,0.19,51.3,337.5,0.0075,0.09,0.0,0.42,9.146,0.378,,,,0.22,950.0,2.07,,,
1886,001650011,78.0,0.19,51.3,337.5,0.0075,0.09,0.0,0.42,24.39,0.124,,,,0.22,950.0,2.07,,,
1887,001650012,78.0,0.19,51.3,337.5,0.0075,0.09,0.0,0.42,9.146,0.381,,,,0.22,950.0,2.07,,,
1888,001650013,78.0,0.19,51.3,337.5,0.0075,0.09,0.0,0.42,15.244,0.239,,,,0.22,950.0,2.07,,,
1889,001650014,78.0,0.19,51.3,337.5,0.0075,0.09,0.0,0.42,18.293,0.173,,,,0.22,950.0,2.07,,,
1890,001650015,78.0,0.19,51.3,337.5,0.0075,0.09,0.0,0.42,60.976,0.076,,,,0.22,950.0,2.07,,,
1891,001650016,78.0,0.19,51.3,337.5,0.0075,0.09,0.0,0.42,91.463,0.025,,,,0.22,950.0,2.07,,,
1892,001650017,78.0,0.19,51.3,337.5,0.0075,0.09,0.0,0.42,60.976,0.066,,,,0.22,950.0,2.07,,,
1893,001650018,78.0,0.19,51.3,337.5,0.0075,0.09,0.0,0.42,91.463,0.021,,,,0.22,950.0,2.07,,,
1894,001650019,78.0,0.19,51.3,337.5,0.0075,0.09,0.0,0.42,121.951,0.02,,,,0.22,950.0,2.07,,,
1895,001650020,78.0,0.19,51.3,337.5,0.0075,0.09,0.0,0.42,60.976,0.067,,,,0.22,950.0,2.07,,,
1896,001660000,,,,,,,,,,,,,,,,,0.17,78.75,0.35
1897,001660001,78.0,0.19,51.3,337.5,0.0075,0.09,0.0,0.42,91.463,0.023,,,,0.22,950.0,2.07,,,
1898,001660002,78.0,0.19,51.3,337.5,0.0075,0.09,0.0,0.42,60.976,0.07,,,,0.22,950.0,2.07,,,
1899,001660003,78.0,0.19,51.3,337.5,0.0075,0.09,0.0,0.42,60.976,0.118,,,,0.22,950.0,2.07,,,
1900,001660004,78.0,0.19,51.3,337.5,0.0075,0.09,0.0,0.42,60.976,0.071,,,,0.22,950.0,2.07,,,
1901,001660005,78.0,0.19,51.3,337.5,0.0075,0.09,0.0,0.42,91.463,0.025,,,,0.22,950.0,2.07,,,
1902,001660006,78.0,0.19,51.3,337.5,0.0075,0.09,0.0,0.42,60.976,0.119,,,,0.22,950.0,2.07,,,
1903,001660007,78.0,0.19,51.3,337.5,0.0075,0.09,0.0,0.42,91.463,0.025,,,,0.22,950.0,2.07,,,
1904,001660008,78.0,0.19,51.3,337.5,0.0075,0.09,0.0,0.42,60.976,0.07,,,,0.22,950.0,2.07,,,
1905,001660009,78.0,0.19,51.3,337.5,0.0075,0.09,0.0,0.42,24.39,0.122,,,,0.22,950.0,2.07,,,
1906,001660010,78.0,0.19,51.3,337.5,0.0075,0.09,0.0,0.42,18.293,0.172,,,,0.22,950.0,2.07,,,
1907,001660011,78.0,0.19,51.3,337.5,0.0075,0.09,0.0,0.42,15.244,0.241,,,,0.22,950.0,2.07,,,
1908,001660012,78.0,0.19,51.3,337.5,0.0075,0.09,0.0,0.42,60.976,0.074,,,,0.22,950.0,2.07,,,
1909,001660013,78.0,0.19,51.3,337.5,0.0075,0.09,0.0,0.42,91.463,0.022,,,,0.22,950.0,2.07,,,
1910,001660014,78.0,0.19,51.3,337.5,0.0075,0.09,0.0,0.42,24.39,0.122,,,,0.22,950.0,2.07,,,
1911,001660015,78.0,0.19,51.3,337.5,0.0075,0.09,0.0,0.42,91.463,0.025,,,,0.22,950.0,2.07,,,
1912,001660016,78.0,0.19,51.3,337.5,0.0075,0.09,0.0,0.42,60.976,0.072,,,,0.22,950.0,2.07,,,
1913,001660017,78.0,0.19,51.3,337.5,0.0075,0.09,0.0,0.42,24.39,0.122,,,,0.22,950.0,2.07,,,
1914,001660018,78.0,0.19,51.3,337.5,0.0075,0.09,0.0,0.42,24.39,0.128,,,,0.22,950.0,2.07,,,
1915,001660019,78.0,0.19,51.3,337.5,0.0075,0.09,0.0,0.42,18.293,0.175,,,,0.22,950.0,2.07,,,
1916,001660020,78.0,0.19,51.3,337.5,0.0075,0.09,0.0,0.42,60.976,0.075,,,,0.22,950.0,2.07,,,
1917,001660021,78.0,0.19,51.3,337.5,0.0075,0.09,0.0,0.42,91.463,0.024,,,,0.22,950.0,2.07,,,
1918,001660022,78.0,0.19,51.3,337.5,0.0075,0.09,0.0,0.42,15.244,0.244,,,,0.22,950.0,2.07,,,
1919,001660023,78.0,0.19,51.3,337.5,0.0075,0.09,0.0,0.42,91.463,0.024,,,,0.22,950.0,2.07,,,
1920,001660024,78.0,0.19,51.3,337.5,0.0075,0.09,0.0,0.42,60.976,0.074,,,,0.22,950.0,2.07,,,
1921,001660025,78.0,0.19,51.3,337.5,0.0075,0.09,0.0,0.42,24.39,0.124,,,,0.22,950.0,2.07,,,
1922,001660026,78.0,0.19,51.3,337.5,0.0075,0.09,0.0,0.42,15.244,0.244,,,,0.22,950.0,2.07,,,
1923,001660027,78.0,0.19,51.3,337.5,0.0075,0.09,0.0,0.42,18.293,0.174,,,,0.22,950.0,2.07,,,
1924,001660028,78.0,0.19,51.3,337.5,0.0075,0.09,0.0,0.42,9.146,0.367,,,,0.22,950.0,2.07,,,
1925,001670000,,,,,,,,,,,,,,,,,0.17,78.75,0.35
1926,001670001,78.0,0.19,51.3,337.5,0.0075,0.09,0.0,0.42,24.39,0.121,,,,0.22,950.0,2.07,,,
1927,001670002,78.0,0.19,51.3,337.5,0.0075,0.09,0.0,0.42,60.976,0.074,,,,0.22,950.0,2.07,,,
1928,001670003,78.0,0.19,51.3,337.5,0.0075,0.09,0.0,0.42,91.463,0.023,,,,0.22,950.0,2.07,,,
1929,001680000,,,,,,,,,,,,,,,,,0.17,78.75,0.35
1930,001680001,78.0,0.19,51.3,337.5,0.0075,0.09,0.0,0.42,91.463,0.026,,,,0.22,950.0,2.07,,,
1931,001680002,78.0,0.19,51.3,337.5,0.0075,0.09,0.0,0.42,60.976,0.074,,,,0.22,950.0,2.07,,,
1932,001680003,78.0,0.19,51.3,337.5,0.0075,0.09,0.0,0.42,24.39,0.12,,,,0.22,950.0,2.07,,,
1933,001680004,78.0,0.19,51.3,337.5,0.0075,0.09,0.0,0.42,91.463,0.025,,,,0.22,950.0,2.07,,,
1934,001680005,78.0,0.19,51.3,337.5,0.0075,0.09,0.0,0.42,60.976,0.074,,,,0.22,950.0,2.07,,,
1935,001680006,78.0,0.19,51.3,337.5,0.0075,0.09,0.0,0.42,24.39,0.121,,,,0.22,950.0,2.07,,,
1936,001680007,78.0,0.19,51.3,337.5,0.0075,0.09,0.0,0.42,15.244,0.242,,,,0.22,950.0,2.07,,,
1937,001690000,,,,,,,,,,,,,,,,,0.17,78.75,0.35
1938,001690001,78.0,0.19,51.3,337.5,0.0075,0.09,0.0,0.42,15.244,0.247,,,,0.22,950.0,2.07,,,
1939,001690002,78.0,0.19,51.3,337.5,0.0075,0.09,0.0,0.42,18.293,0.174,,,,0.22,950.0,2.07,,,
1940,001690003,78.0,0.19,51.3,337.5,0.0075,0.09,0.0,0.42,24.39,0.123,,,,0.22,950.0,2.07,,,
1941,001690004,78.0,0.19,51.3,337.5,0.0075,0.09,0.0,0.42,9.146,0.371,,,,0.22,950.0,2.07,,,
1942,001690005,78.0,0.19,51.3,337.5,0.0075,0.09,0.0,0.42,121.951,0.013,,,,0.22,950.0,2.07,,,
1943,001700000,,,,,,,,,,,,,,,,,0.17,78.75,0.35
1944,001700001,78.0,0.19,51.3,337.5,0.0075,0.09,0.0,0.42,15.244,0.249,,,,0.22,950.0,2.07,,,
1945,001700002,78.0,0.19,51.3,337.5,0.0075,0.09,0.0,0.42,18.293,0.175,,,,0.22,950.0,2.07,,,
1946,001700003,78.0,0.19,51.3,337.5,0.0075,0.09,0.0,0.42,9.146,0.377,,,,0.22,950.0,2.07,,,
1947,001700004,78.0,0.19,51.3,337.5,0.0075,0.09,0.0,0.42,24.39,0.125,,,,0.22,950.0,2.07,,,
1948,001700005,78.0,0.19,51.3,337.5,0.0075,0.09,0.0,0.42,121.951,0.012,,,,0.22,950.0,2.07,,,
1949,001710000,,,,,,,,,,,,,,,,,0.17,78.75,0.35
1950,001710001,78.0,0.19,51.3,337.5,0.0075,0.09,0.0,0.42,91.463,0.025,,,,0.22,950.0,2.07,,,
1951,001710002,78.0,0.19,51.3,337.5,0.0075,0.09,0.0,0.42,60.976,0.07,,,,0.22,950.0,2.07,,,
1952,001710003,78.0,0.19,51.3,337.5,0.0075,0.09,0.0,0.42,24.39,0.12,,,,0.22,950.0,2.07,,,
1953,001710004,78.0,0.19,51.3,337.5,0.0075,0.09,0.0,0.42,91.463,0.026,,,,0.22,950.0,2.07,,,
1954,001710005,78.0,0.19,51.3,337.5,0.0075,0.09,0.0,0.42,60.976,0.074,,,,0.22,950.0,2.07,,,
1955,001710006,78.0,0.19,51.3,337.5,0.0075,0.09,0.0,0.42,9.146,0.38,,,,0.22,950.0,2.07,,,
1956,001710007,78.0,0.19,51.3,337.5,0.0075,0.09,0.0,0.42,15.244,0.247,,,,0.22,950.0,2.07,,,
1957,001710008,78.0,0.19,51.3,337.5,0.0075,0.09,0.0,0.42,18.293,0.176,,,,0.22,950.0,2.07,,,
1958,001710009,78.0,0.19,51.3,337.5,0.0075,0.09,0.0,0.42,9.146,0.402,,,,0.22,950.0,2.07,,,
1959,001710010,78.0,0.19,51.3,337.5,0.0075,0.09,0.0,0.42,9.146,0.576,,,,0.22,950.0,2.07,,,
1960,001710011,78.0,0.19,51.3,337.5,0.0075,0.09,0.0,0.42,9.146,0.255,,,,0.22,950.0,2.07,,,
1961,001720000,,,,,,,,,,,,,,,,,0.17,78.75,0.35
1962,001720001,78.0,0.19,51.3,337.5,0.0075,0.09,0.0,0.42,9.146,0.388,,,,0.22,950.0,2.07,,,
1963,001720002,78.0,0.19,51.3,337.5,0.0075,0.09,0.0,0.42,9.146,0.612,,,,0.22,950.0,2.07,,,
1964,001720003,78.0,0.19,51.3,337.5,0.0075,0.09,0.0,0.42,9.146,0.251,,,,0.22,950.0,2.07,,,
1965,001720004,78.0,0.19,51.3,337.5,0.0075,0.09,0.0,0.42,24.39,0.12,,,,0.22,950.0,2.07,,,
1966,001720005,78.0,0.19,51.3,337.5,0.0075,0.09,0.0,0.42,60.976,0.074,,,,0.22,950.0,2.07,,,
1967,001720006,78.0,0.19,51.3,337.5,0.0075,0.09,0.0,0.42,91.463,0.025,,,,0.22,950.0,2.07,,,
1968,001720007,78.0,0.19,51.3,337.5,0.0075,0.09,0.0,0.42,60.976,0.071,,,,0.22,950.0,2.07,,,
1969,001720008,78.0,0.19,51.3,337.5,0.0075,0.09,0.0,0.42,91.463,0.025,,,,0.22,950.0,2.07,,,
1970,001730000,,,,,,,,,,,,,,,,,0.17,78.75,0.35
1971,001730001,78.0,0.19,51.3,337.5,0.0075,0.09,0.0,0.42,91.463,0.023,,,,0.22,950.0,2.07,,,
1972,001730002,78.0,0.19,51.3,337.5,0.0075,0.09,0.0,0.42,60.976,0.072,,,,0.22,950.0,2.07,,,
1973,001730003,78.0,0.19,51.3,337.5,0.0075,0.09,0.0,0.42,60.976,0.117,,,,0.22,950.0,2.07,,,
1974,001740000,,,,,,,,,,,,,,,,,0.17,78.75,0.35
1975,001740001,78.0,0.19,51.3,337.5,0.0075,0.09,0.0,0.42,9.146,0.383,,,,0.22,950.0,2.07,,,
1976,001740002,78.0,0.19,51.3,337.5,0.0075,0.09,0.0,0.42,15.244,0.249,,,,0.22,950.0,2.07,,,
1977,001740003,78.0,0.19,51.3,337.5,0.0075,0.09,0.0,0.42,9.146,0.574,,,,0.22,950.0,2.07,,,
1978,001740004,78.0,0.19,51.3,337.5,0.0075,0.09,0.0,0.42,9.146,0.383,,,,0.22,950.0,2.07,,,
1979,001740005,78.0,0.19,51.3,337.5,0.0075,0.09,0.0,0.42,15.244,0.249,,,,0.22,950.0,2.07,,,
1980,001740006,78.0,0.19,51.3,337.5,0.0075,0.09,0.0,0.42,91.463,0.023,,,,0.22,950.0,2.07,,,
1981,001740007,78.0,0.19,51.3,337.5,0.0075,0.09,0.0,0.42,60.976,0.119,,,,0.22,950.0,2.07,,,
1982,001740008,78.0,0.19,51.3,337.5,0.0075,0.09,0.0,0.42,60.976,0.074,,,,0.22,950.0,2.07,,,
1983,001740009,78.0,0.19,51.3,337.5,0.0075,0.09,0.0,0.42,18.293,0.173,,,,0.22,950.0,2.07,,,
1984,001740010,78.0,0.19,51.3,337.5,0.0075,0.09,0.0,0.42,15.244,0.245,,,,0.22,950.0,2.07,,,
1985,001740011,78.0,0.19,51.3,337.5,0.0075,0.09,0.0,0.42,91.463,0.023,,,,0.22,950.0,2.07,,,
1986,001740012,78.0,0.19,51.3,337.5,0.0075,0.09,0.0,0.42,24.39,0.124,,,,0.22,950.0,2.07,,,
1987,001740013,78.0,0.19,51.3,337.5,0.0075,0.09,0.0,0.42,60.976,0.075,,,,0.22,950.0,2.07,,,
1988,001740014,78.0,0.19,51.3,337.5,0.0075,0.09,0.0,0.42,18.293,0.172,,,,0.22,950.0,2.07,,,
1989,001750000,,,,,,,,,,,,,,,,,0.17,78.75,0.35
1990,001750001,78.0,0.19,51.3,337.5,0.0075,0.09,0.0,0.42,9.146,0.368,,,,0.22,950.0,2.07,,,
1991,001750002,78.0,0.19,51.3,337.5,0.0075,0.09,0.0,0.42,15.244,0.245,,,,0.22,950.0,2.07,,,
1992,001750003,78.0,0.19,51.3,337.5,0.0075,0.09,0.0,0.42,24.39,0.124,,,,0.22,950.0,2.07,,,
1993,001750004,78.0,0.19,51.3,337.5,0.0075,0.09,0.0,0.42,18.293,0.174,,,,0.22,950.0,2.07,,,
1994,001750005,78.0,0.19,51.3,337.5,0.0075,0.09,0.0,0.42,121.951,0.018,,,,0.22,950.0,2.07,,,
1995,001750006,78.0,0.19,51.3,337.5,0.0075,0.09,0.0,0.42,60.976,0.074,,,,0.22,950.0,2.07,,,
1996,001750007,78.0,0.19,51.3,337.5,0.0075,0.09,0.0,0.42,60.976,0.072,,,,0.22,950.0,2.07,,,
1997,001750008,78.0,0.19,51.3,337.5,0.0075,0.09,0.0,0.42,15.244,0.242,,,,0.22,950.0,2.07,,,
1998,001750009,78.0,0.19,51.3,337.5,0.0075,0.09,0.0,0.42,24.39,0.121,,,,0.22,950.0,2.07,,,
1999,001750010,78.0,0.19,51.3,337.5,0.0075,0.09,0.0,0.42,91.463,0.021,,,,0.22,950.0,2.07,,,
2000,001750011,78.0,0.19,51.3,337.5,0.0075,0.09,0.0,0.42,9.146,0.62,,,,0.22,950.0,2.07,,,
2001,001750012,78.0,0.19,51.3,337.5,0.0075,0.09,0.0,0.42,9.146,0.385,,,,0.22,950.0,2.07,,,
2002,001750013,78.0,0.19,51.3,337.5,0.0075,0.09,0.0,0.42,9.146,0.251,,,,0.22,950.0,2.07,,,
2003,001750014,78.0,0.19,51.3,337.5,0.0075,0.09,0.0,0.42,9.146,0.25,,,,0.22,950.0,2.07,,,
2004,001750015,78.0,0.19,51.3,337.5,0.0075,0.09,0.0,0.42,9.146,0.391,,,,0.22,950.0,2.07,,,
2005,001750016,78.0,0.19,51.3,337.5,0.0075,0.09,0.0,0.42,9.146,0.583,,,,0.22,950.0,2.07,,,
2006,001760000,,,,,,,,,,,,,,,,,0.17,78.75,0.35
2007,001760001,78.0,0.19,51.3,337.5,0.0075,0.09,0.0,0.42,24.39,0.124,,,,0.22,950.0,2.07,,,
2008,001760002,78.0,0.19,51.3,337.5,0.0075,0.09,0.0,0.42,18.293,0.175,,,,0.22,950.0,2.07,,,
2009,001760003,78.0,0.19,51.3,337.5,0.0075,0.09,0.0,0.42,15.244,0.244,,,,0.22,950.0,2.07,,,
2010,001760004,78.0,0.19,51.3,337.5,0.0075,0.09,0.0,0.42,9.146,0.372,,,,0.22,950.0,2.07,,,
2011,001760005,78.0,0.19,51.3,337.5,0.0075,0.09,0.0,0.42,121.951,0.019,,,,0.22,950.0,2.07,,,
2012,001760006,78.0,0.19,51.3,337.5,0.0075,0.09,0.0,0.42,60.976,0.073,,,,0.22,950.0,2.07,,,
2013,001760007,78.0,0.19,51.3,337.5,0.0075,0.09,0.0,0.42,15.244,0.248,,,,0.22,950.0,2.07,,,
2014,001760008,78.0,0.19,51.3,337.5,0.0075,0.09,0.0,0.42,9.146,0.377,,,,0.22,950.0,2.07,,,
2015,001760009,78.0,0.19,51.3,337.5,0.0075,0.09,0.0,0.42,24.39,0.123,,,,0.22,950.0,2.07,,,
2016,001760010,78.0,0.19,51.3,337.5,0.0075,0.09,0.0,0.42,18.293,0.176,,,,0.22,950.0,2.07,,,
2017,001760011,78.0,0.19,51.3,337.5,0.0075,0.09,0.0,0.42,121.951,0.014,,,,0.22,950.0,2.07,,,
2018,001760012,78.0,0.19,51.3,337.5,0.0075,0.09,0.0,0.42,9.146,0.383,,,,0.22,950.0,2.07,,,
2019,001760013,78.0,0.19,51.3,337.5,0.0075,0.09,0.0,0.42,18.293,0.174,,,,0.22,950.0,2.07,,,
2020,001760014,78.0,0.19,51.3,337.5,0.0075,0.09,0.0,0.42,15.244,0.249,,,,0.22,950.0,2.07,,,
2021,001760015,78.0,0.19,51.3,337.5,0.0075,0.09,0.0,0.42,24.39,0.125,,,,0.22,950.0,2.07,,,
2022,001760016,78.0,0.19,51.3,337.5,0.0075,0.09,0.0,0.42,9.146,0.39,,,,0.22,950.0,2.07,,,
2023,001760017,78.0,0.19,51.3,337.5,0.0075,0.09,0.0,0.42,9.146,0.251,,,,0.22,950.0,2.07,,,
2024,001760018,78.0,0.19,51.3,337.5,0.0075,0.09,0.0,0.42,9.146,0.576,,,,0.22,950.0,2.07,,,
2025,001760019,78.0,0.19,51.3,337.5,0.0075,0.09,0.0,0.42,91.463,0.022,,,,0.22,950.0,2.07,,,
2026,001760020,78.0,0.19,51.3,337.5,0.0075,0.09,0.0,0.42,60.976,0.07,,,,0.22,950.0,2.07,,,
2027,001770000,,,,,,,,,,,,,,,,,0.17,78.75,0.35
2028,001770001,78.0,0.19,51.3,337.5,0.0075,0.09,0.0,0.42,60.976,0.073,,,,0.22,950.0,2.07,,,
2029,001770002,78.0,0.19,51.3,337.5,0.0075,0.09,0.0,0.42,91.463,0.026,,,,0.22,950.0,2.07,,,
2030,001770003,78.0,0.19,51.3,337.5,0.0075,0.09,0.0,0.42,60.976,0.117,,,,0.22,950.0,2.07,,,
2031,001780000,,,,,,,,,,,,,,,,,0.17,78.75,0.35
2032,001780001,78.0,0.19,51.3,337.5,0.0075,0.09,0.0,0.42,91.463,0.025,,,,0.22,950.0,2.07,,,
2033,001780002,78.0,0.19,51.3,337.5,0.0075,0.09,0.0,0.42,60.976,0.07,,,,0.22,950.0,2.07,,,
2034,001780003,78.0,0.19,51.3,337.5,0.0075,0.09,0.0,0.42,91.463,0.024,,,,0.22,950.0,2.07,,,
2035,001780004,78.0,0.19,51.3,337.5,0.0075,0.09,0.0,0.42,60.976,0.07,,,,0.22,950.0,2.07,,,
2036,001790000,,,,,,,,,,,,,,,,,0.17,78.75,0.35
2037,001790001,78.0,0.19,51.3,337.5,0.0075,0.09,0.0,0.42,60.976,0.119,,,,0.22,950.0,2.07,,,
2038,001790002,78.0,0.19,51.3,337.5,0.0075,0.09,0.0,0.42,60.976,0.074,,,,0.22,950.0,2.07,,,
2039,001790003,78.0,0.19,51.3,337.5,0.0075,0.09,0.0,0.42,91.463,0.027,,,,0.22,950.0,2.07,,,
2040,001800000,,,,,,,,,,,,,,,,,0.17,78.75,0.35
2041,001800001,78.0,0.19,51.3,337.5,0.0075,0.09,0.0,0.42,9.146,0.256,,,,0.22,950.0,2.07,,,
2042,001800002,78.0,0.19,51.3,337.5,0.0075,0.09,0.0,0.42,9.146,0.385,,,,0.22,950.0,2.07,,,
2043,001800003,78.0,0.19,51.3,337.5,0.0075,0.09,0.0,0.42,9.146,0.616,,,,0.22,950.0,2.07,,,
2044,001800004,78.0,0.19,51.3,337.5,0.0075,0.09,0.0,0.42,9.146,0.254,,,,0.22,950.0,2.07,,,
2045,001800005,78.0,0.19,51.3,337.5,0.0075,0.09,0.0,0.42,9.146,0.399,,,,0.22,950.0,2.07,,,
2046,001800006,78.0,0.19,51.3,337.5,0.0075,0.09,0.0,0.42,9.146,0.572,,,,0.22,950.0,2.07,,,
2047,001800007,78.0,0.19,51.3,337.5,0.0075,0.09,0.0,0.42,9.146,0.252,,,,0.22,950.0,2.07,,,
2048,001800008,78.0,0.19,51.3,337.5,0.0075,0.09,0.0,0.42,9.146,0.61,,,,0.22,950.0,2.07,,,
2049,001800009,78.0,0.19,51.3,337.5,0.0075,0.09,0.0,0.42,9.146,0.39,,,,0.22,950.0,2.07,,,
2050,001800010,78.0,0.19,51.3,337.5,0.0075,0.09,0.0,0.42,9.146,0.388,,,,0.22,950.0,2.07,,,
2051,001800011,78.0,0.19,51.3,337.5,0.0075,0.09,0.0,0.42,15.244,0.246,,,,0.22,950.0,2.07,,,
2052,001800012,78.0,0.19,51.3,337.5,0.0075,0.09,0.0,0.42,18.293,0.176,,,,0.22,950.0,2.07,,,
2053,001800013,78.0,0.19,51.3,337.5,0.0075,0.09,0.0,0.42,9.146,0.575,,,,0.22,950.0,2.07,,,
2054,001800014,78.0,0.19,51.3,337.5,0.0075,0.09,0.0,0.42,24.39,0.122,,,,0.22,950.0,2.07,,,
2055,001800015,78.0,0.19,51.3,337.5,0.0075,0.09,0.0,0.42,60.976,0.075,,,,0.22,950.0,2.07,,,
2056,001800016,78.0,0.19,51.3,337.5,0.0075,0.09,0.0,0.42,24.39,0.12,,,,0.22,950.0,2.07,,,
2057,001800017,78.0,0.19,51.3,337.5,0.0075,0.09,0.0,0.42,15.244,0.241,,,,0.22,950.0,2.07,,,
2058,001800018,78.0,0.19,51.3,337.5,0.0075,0.09,0.0,0.42,60.976,0.072,,,,0.22,950.0,2.07,,,
2059,001800019,78.0,0.19,51.3,337.5,0.0075,0.09,0.0,0.42,91.463,0.025,,,,0.22,950.0,2.07,,,
2060,001810000,,,,,,,,,,,,,,,,,0.17,78.75,0.35
2061,001810001,78.0,0.19,51.3,337.5,0.0075,0.09,0.0,0.42,60.976,0.07,,,,0.22,950.0,2.07,,,
2062,001810002,78.0,0.19,51.3,337.5,0.0075,0.09,0.0,0.42,91.463,0.022,,,,0.22,950.0,2.07,,,
2063,001810003,78.0,0.19,51.3,337.5,0.0075,0.09,0.0,0.42,91.463,0.024,,,,0.22,950.0,2.07,,,
2064,001810004,78.0,0.19,51.3,337.5,0.0075,0.09,0.0,0.42,60.976,0.069,,,,0.22,950.0,2.07,,,
2065,001810005,78.0,0.19,51.3,337.5,0.0075,0.09,0.0,0.42,121.951,0.018,,,,0.22,950.0,2.07,,,
2066,001810006,78.0,0.19,51.3,337.5,0.0075,0.09,0.0,0.42,60.976,0.073,,,,0.22,950.0,2.07,,,
2067,001810007,78.0,0.19,51.3,337.5,0.0075,0.09,0.0,0.42,24.39,0.121,,,,0.22,950.0,2.07,,,
2068,001810008,78.0,0.19,51.3,337.5,0.0075,0.09,0.0,0.42,15.244,0.246,,,,0.22,950.0,2.07,,,
2069,001810009,78.0,0.19,51.3,337.5,0.0075,0.09,0.0,0.42,9.146,0.373,,,,0.22,950.0,2.07,,,
2070,001810010,78.0,0.19,51.3,337.5,0.0075,0.09,0.0,0.42,18.293,0.173,,,,0.22,950.0,2.07,,,
2071,001820000,,,,,,,,,,,,,,,,,0.17,78.75,0.35
2072,001820001,78.0,0.19,51.3,337.5,0.0075,0.09,0.0,0.42,9.146,0.39,,,,0.22,950.0,2.07,,,
2073,001820002,78.0,0.19,51.3,337.5,0.0075,0.09,0.0,0.42,15.244,0.25,,,,0.22,950.0,2.07,,,
2074,001820003,78.0,0.19,51.3,337.5,0.0075,0.09,0.0,0.42,9.146,0.387,,,,0.22,950.0,2.07,,,
2075,001820004,78.0,0.19,51.3,337.5,0.0075,0.09,0.0,0.42,9.146,0.251,,,,0.22,950.0,2.07,,,
2076,001820005,78.0,0.19,51.3,337.5,0.0075,0.09,0.0,0.42,9.146,0.582,,,,0.22,950.0,2.07,,,
2077,001820006,78.0,0.19,51.3,337.5,0.0075,0.09,0.0,0.42,15.244,0.246,,,,0.22,950.0,2.07,,,
2078,001820007,78.0,0.19,51.3,337.5,0.0075,0.09,0.0,0.42,24.39,0.122,,,,0.22,950.0,2.07,,,
2079,001820008,78.0,0.19,51.3,337.5,0.0075,0.09,0.0,0.42,18.293,0.174,,,,0.22,950.0,2.07,,,
2080,001820009,78.0,0.19,51.3,337.5,0.0075,0.09,0.0,0.42,60.976,0.073,,,,0.22,950.0,2.07,,,
2081,001820010,78.0,0.19,51.3,337.5,0.0075,0.09,0.0,0.42,91.463,0.02,,,,0.22,950.0,2.07,,,
2082,001820011,78.0,0.19,51.3,337.5,0.0075,0.09,0.0,0.42,9.146,0.382,,,,0.22,950.0,2.07,,,
2083,001820012,78.0,0.19,51.3,337.5,0.0075,0.09,0.0,0.42,18.293,0.173,,,,0.22,950.0,2.07,,,
2084,001820013,78.0,0.19,51.3,337.5,0.0075,0.09,0.0,0.42,60.976,0.074,,,,0.22,950.0,2.07,,,
2085,001820014,78.0,0.19,51.3,337.5,0.0075,0.09,0.0,0.42,91.463,0.02,,,,0.22,950.0,2.07,,,
2086,001820015,78.0,0.19,51.3,337.5,0.0075,0.09,0.0,0.42,24.39,0.123,,,,0.22,950.0,2.07,,,
2087,001830000,,,,,,,,,,,,,,,,,0.17,78.75,0.35
2088,001830001,78.0,0.19,51.3,337.5,0.0075,0.09,0.0,0.42,60.976,0.075,,,,0.22,950.0,2.07,,,
2089,001830002,78.0,0.19,51.3,337.5,0.0075,0.09,0.0,0.42,24.39,0.121,,,,0.22,950.0,2.07,,,
2090,001830003,78.0,0.19,51.3,337.5,0.0075,0.09,0.0,0.42,91.463,0.024,,,,0.22,950.0,2.07,,,
2091,001830004,78.0,0.19,51.3,337.5,0.0075,0.09,0.0,0.42,15.244,0.241,,,,0.22,950.0,2.07,,,
2092,001830005,78.0,0.19,51.3,337.5,0.0075,0.09,0.0,0.42,60.976,0.075,,,,0.22,950.0,2.07,,,
2093,001830006,78.0,0.19,51.3,337.5,0.0075,0.09,0.0,0.42,24.39,0.121,,,,0.22,950.0,2.07,,,
2094,001830007,78.0,0.19,51.3,337.5,0.0075,0.09,0.0,0.42,91.463,0.026,,,,0.22,950.0,2.07,,,
2095,001840000,,,,,,,,,,,,,,,,,0.17,78.75,0.35
2096,001840001,78.0,0.19,51.3,337.5,0.0075,0.09,0.0,0.42,9.146,0.388,,,,0.22,950.0,2.07,,,
2097,001840002,78.0,0.19,51.3,337.5,0.0075,0.09,0.0,0.42,9.146,0.619,,,,0.22,950.0,2.07,,,
2098,001840003,78.0,0.19,51.3,337.5,0.0075,0.09,0.0,0.42,9.146,0.25,,,,0.22,950.0,2.07,,,
2099,001840004,78.0,0.19,51.3,337.5,0.0075,0.09,0.0,0.42,91.463,0.026,,,,0.22,950.0,2.07,,,
2100,001840005,78.0,0.19,51.3,337.5,0.0075,0.09,0.0,0.42,60.976,0.073,,,,0.22,950.0,2.07,,,
2101,001840006,78.0,0.19,51.3,337.5,0.0075,0.09,0.0,0.42,24.39,0.12,,,,0.22,950.0,2.07,,,
2102,001840007,78.0,0.19,51.3,337.5,0.0075,0.09,0.0,0.42,60.976,0.073,,,,0.22,950.0,2.07,,,
2103,001840008,78.0,0.19,51.3,337.5,0.0075,0.09,0.0,0.42,91.463,0.025,,,,0.22,950.0,2.07,,,
2104,001840009,78.0,0.19,51.3,337.5,0.0075,0.09,0.0,0.42,60.976,0.119,,,,0.22,950.0,2.07,,,
2105,001850000,,,,,,,,,,,,,,,,,0.17,78.75,0.35
2106,001850001,78.0,0.19,51.3,337.5,0.0075,0.09,0.0,0.42,60.976,0.069,,,,0.22,950.0,2.07,,,
2107,001850002,78.0,0.19,51.3,337.5,0.0075,0.09,0.0,0.42,91.463,0.023,,,,0.22,950.0,2.07,,,
2108,001850003,78.0,0.19,51.3,337.5,0.0075,0.09,0.0,0.42,60.976,0.071,,,,0.22,950.0,2.07,,,
2109,001850004,78.0,0.19,51.3,337.5,0.0075,0.09,0.0,0.42,91.463,0.026,,,,0.22,950.0,2.07,,,
2110,001850005,78.0,0.19,51.3,337.5,0.0075,0.09,0.0,0.42,91.463,0.024,,,,0.22,950.0,2.07,,,
2111,001850006,78.0,0.19,51.3,337.5,0.0075,0.09,0.0,0.42,60.976,0.073,,,,0.22,950.0,2.07,,,
2112,001850007,78.0,0.19,51.3,337.5,0.0075,0.09,0.0,0.42,60.976,0.117,,,,0.22,950.0,2.07,,,
2113,001860000,,,,,,,,,,,,,,,,,0.17,78.75,0.35
2114,001860001,78.0,0.19,51.3,337.5,0.0075,0.09,0.0,0.42,18.293,0.174,,,,0.22,950.0,2.07,,,
2115,001860002,78.0,0.19,51.3,337.5,0.0075,0.09,0.0,0.42,15.244,0.248,,,,0.22,950.0,2.07,,,
2116,001860003,78.0,0.19,51.3,337.5,0.0075,0.09,0.0,0.42,9.146,0.381,,,,0.22,950.0,2.07,,,
2117,001860004,78.0,0.19,51.3,337.5,0.0075,0.09,0.0,0.42,24.39,0.124,,,,0.22,950.0,2.07,,,
2118,001860005,78.0,0.19,51.3,337.5,0.0075,0.09,0.0,0.42,121.951,0.015,,,,0.22,950.0,2.07,,,
2119,001860006,78.0,0.19,51.3,337.5,0.0075,0.09,0.0,0.42,9.146,0.251,,,,0.22,950.0,2.07,,,
2120,001860007,78.0,0.19,51.3,337.5,0.0075,0.09,0.0,0.42,9.146,0.381,,,,0.22,950.0,2.07,,,
2121,001870000,,,,,,,,,,,,,,,,,0.17,78.75,0.35
2122,001870001,78.0,0.19,51.3,337.5,0.0075,0.09,0.0,0.42,9.146,0.386,,,,0.22,950.0,2.07,,,
2123,001870002,78.0,0.19,51.3,337.5,0.0075,0.09,0.0,0.42,9.146,0.251,,,,0.22,950.0,2.07,,,
2124,001870003,78.0,0.19,51.3,337.5,0.0075,0.09,0.0,0.42,9.146,0.641,,,,0.22,950.0,2.07,,,
2125,001870004,78.0,0.19,51.3,337.5,0.0075,0.09,0.0,0.42,15.244,0.243,,,,0.22,950.0,2.07,,,
2126,001870005,78.0,0.19,51.3,337.5,0.0075,0.09,0.0,0.42,9.146,0.381,,,,0.22,950.0,2.07,,,
2127,001870006,78.0,0.19,51.3,337.5,0.0075,0.09,0.0,0.42,60.976,0.076,,,,0.22,950.0,2.07,,,
2128,001870007,78.0,0.19,51.3,337.5,0.0075,0.09,0.0,0.42,91.463,0.022,,,,0.22,950.0,2.07,,,
2129,001870008,78.0,0.19,51.3,337.5,0.0075,0.09,0.0,0.42,24.39,0.124,,,,0.22,950.0,2.07,,,
2130,001870009,78.0,0.19,51.3,337.5,0.0075,0.09,0.0,0.42,18.293,0.174,,,,0.22,950.0,2.07,,,
2131,001870010,78.0,0.19,51.3,337.5,0.0075,0.09,0.0,0.42,24.39,0.126,,,,0.22,950.0,2.07,,,
2132,001870011,78.0,0.19,51.3,337.5,0.0075,0.09,0.0,0.42,9.146,0.377,,,,0.22,950.0,2.07,,,
2133,001870012,78.0,0.19,51.3,337.5,0.0075,0.09,0.0,0.42,15.244,0.246,,,,0.22,950.0,2.07,,,
2134,001870013,78.0,0.19,51.3,337.5,0.0075,0.09,0.0,0.42,60.976,0.073,,,,0.22,950.0,2.07,,,
2135,001870014,78.0,0.19,51.3,337.5,0.0075,0.09,0.0,0.42,18.293,0.174,,,,0.22,950.0,2.07,,,
2136,001870015,78.0,0.19,51.3,337.5,0.0075,0.09,0.0,0.42,60.976,0.073,,,,0.22,950.0,2.07,,,
2137,001870016,78.0,0.19,51.3,337.5,0.0075,0.09,0.0,0.42,24.39,0.121,,,,0.22,950.0,2.07,,,
2138,001870017,78.0,0.19,51.3,337.5,0.0075,0.09,0.0,0.42,9.146,0.371,,,,0.22,950.0,2.07,,,
2139,001870018,78.0,0.19,51.3,337.5,0.0075,0.09,0.0,0.42,15.244,0.243,,,,0.22,950.0,2.07,,,
2140,001870019,78.0,0.19,51.3,337.5,0.0075,0.09,0.0,0.42,91.463,0.021,,,,0.22,950.0,2.07,,,
2141,001870020,78.0,0.19,51.3,337.5,0.0075,0.09,0.0,0.42,15.244,0.241,,,,0.22,950.0,2.07,,,
2142,001870021,78.0,0.19,51.3,337.5,0.0075,0.09,0.0,0.42,60.976,0.12,,,,0.22,950.0,2.07,,,
2143,001870022,78.0,0.19,51.3,337.5,0.0075,0.09,0.0,0.42,60.976,0.074,,,,0.22,950.0,2.07,,,
2144,001870023,78.0,0.19,51.3,337.5,0.0075,0.09,0.0,0.42,91.463,0.021,,,,0.22,950.0,2.07,,,
2145,001880000,,,,,,,,,,,,,,,,,0.17,78.75,0.35
2146,001880001,78.0,0.19,51.3,337.5,0.0075,0.09,0.0,0.42,9.146,0.392,,,,0.22,950.0,2.07,,,
2147,001880002,78.0,0.19,51.3,337.5,0.0075,0.09,0.0,0.42,9.146,0.251,,,,0.22,950.0,2.07,,,
2148,001880003,78.0,0.19,51.3,337.5,0.0075,0.09,0.0,0.42,9.146,0.595,,,,0.22,950.0,2.07,,,
2149,001880004,78.0,0.19,51.3,337.5,0.0075,0.09,0.0,0.42,18.293,0.174,,,,0.22,950.0,2.07,,,
2150,001880005,78.0,0.19,51.3,337.5,0.0075,0.09,0.0,0.42,24.39,0.122,,,,0.22,950.0,2.07,,,
2151,001880006,78.0,0.19,51.3,337.5,0.0075,0.09,0.0,0.42,91.463,0.023,,,,0.22,950.0,2.07,,,
2152,001880007,78.0,0.19,51.3,337.5,0.0075,0.09,0.0,0.42,15.244,0.245,,,,0.22,950.0,2.07,,,
2153,001880008,78.0,0.19,51.3,337.5,0.0075,0.09,0.0,0.42,60.976,0.072,,,,0.22,950.0,2.07,,,
2154,001880009,78.0,0.19,51.3,337.5,0.0075,0.09,0.0,0.42,9.146,0.378,,,,0.22,950.0,2.07,,,
2155,001880010,78.0,0.19,51.3,337.5,0.0075,0.09,0.0,0.42,91.463,0.021,,,,0.22,950.0,2.07,,,
2156,001880011,78.0,0.19,51.3,337.5,0.0075,0.09,0.0,0.42,60.976,0.071,,,,0.22,950.0,2.07,,,
2157,001880012,78.0,0.19,51.3,337.5,0.0075,0.09,0.0,0.42,24.39,0.122,,,,0.22,950.0,2.07,,,
2158,001890000,,,,,,,,,,,,,,,,,0.17,78.75,0.35
2159,001890001,78.0,0.19,51.3,337.5,0.0075,0.09,0.0,0.42,60.976,0.076,,,,0.22,950.0,2.07,,,
2160,001890002,78.0,0.19,51.3,337.5,0.0075,0.09,0.0,0.42,121.951,0.02,,,,0.22,950.0,2.07,,,
2161,001890003,78.0,0.19,51.3,337.5,0.0075,0.09,0.0,0.42,24.39,0.12,,,,0.22,950.0,2.07,,,
2162,001890004,78.0,0.19,51.3,337.5,0.0075,0.09,0.0,0.42,18.293,0.17,,,,0.22,950.0,2.07,,,
2163,001890005,78.0,0.19,51.3,337.5,0.0075,0.09,0.0,0.42,60.976,0.075,,,,0.22,950.0,2.07,,,
2164,001890006,78.0,0.19,51.3,337.5,0.0075,0.09,0.0,0.42,121.951,0.018,,,,0.22,950.0,2.07,,,
2165,001890007,78.0,0.19,51.3,337.5,0.0075,0.09,0.0,0.42,24.39,0.12,,,,0.22,950.0,2.07,,,
2166,001890008,78.0,0.19,51.3,337.5,0.0075,0.09,0.0,0.42,9.146,0.381,,,,0.22,950.0,2.07,,,
2167,001890009,78.0,0.19,51.3,337.5,0.0075,0.09,0.0,0.42,60.976,0.073,,,,0.22,950.0,2.07,,,
2168,001890010,78.0,0.19,51.3,337.5,0.0075,0.09,0.0,0.42,121.951,0.02,,,,0.22,950.0,2.07,,,
2169,001890011,78.0,0.19,51.3,337.5,0.0075,0.09,0.0,0.42,15.244,0.242,,,,0.22,950.0,2.07,,,
2170,001890012,78.0,0.19,51.3,337.5,0.0075,0.09,0.0,0.42,24.39,0.121,,,,0.22,950.0,2.07,,,
2171,001890013,78.0,0.19,51.3,337.5,0.0075,0.09,0.0,0.42,24.39,0.123,,,,0.22,950.0,2.07,,,
2172,001890014,78.0,0.19,51.3,337.5,0.0075,0.09,0.0,0.42,60.976,0.075,,,,0.22,950.0,2.07,,,
2173,001890015,78.0,0.19,51.3,337.5,0.0075,0.09,0.0,0.42,18.293,0.174,,,,0.22,950.0,2.07,,,
2174,001890016,78.0,0.19,51.3,337.5,0.0075,0.09,0.0,0.42,9.146,0.36,,,,0.22,950.0,2.07,,,
2175,001890017,78.0,0.19,51.3,337.5,0.0075,0.09,0.0,0.42,15.244,0.241,,,,0.22,950.0,2.07,,,
2176,001890018,78.0,0.19,51.3,337.5,0.0075,0.09,0.0,0.42,91.463,0.023,,,,0.22,950.0,2.07,,,
2177,001890019,78.0,0.19,51.3,337.5,0.0075,0.09,0.0,0.42,18.293,0.173,,,,0.22,950.0,2.07,,,
2178,001890020,78.0,0.19,51.3,337.5,0.0075,0.09,0.0,0.42,24.39,0.122,,,,0.22,950.0,2.07,,,
2179,001890021,78.0,0.19,51.3,337.5,0.0075,0.09,0.0,0.42,15.244,0.242,,,,0.22,950.0,2.07,,,
2180,001890022,78.0,0.19,51.3,337.5,0.0075,0.09,0.0,0.42,60.976,0.074,,,,0.22,950.0,2.07,,,
2181,001890023,78.0,0.19,51.3,337.5,0.0075,0.09,0.0,0.42,91.463,0.021,,,,0.22,950.0,2.07,,,
2182,001900000,,,,,,,,,,,,,,,,,0.17,78.75,0.35
2183,001900001,78.0,0.19,51.3,337.5,0.0075,0.09,0.0,0.42,9.146,0.39,,,,0.22,950.0,2.07,,,
2184,001900002,78.0,0.19,51.3,337.5,0.0075,0.09,0.0,0.42,15.244,0.249,,,,0.22,950.0,2.07,,,
2185,001900003,78.0,0.19,51.3,337.5,0.0075,0.09,0.0,0.42,9.146,0.643,,,,0.22,950.0,2.07,,,
2186,001900004,78.0,0.19,51.3,337.5,0.0075,0.09,0.0,0.42,15.244,0.248,,,,0.22,950.0,2.07,,,
2187,001900005,78.0,0.19,51.3,337.5,0.0075,0.09,0.0,0.42,9.146,0.378,,,,0.22,950.0,2.07,,,
2188,001900006,78.0,0.19,51.3,337.5,0.0075,0.09,0.0,0.42,24.39,0.124,,,,0.22,950.0,2.07,,,
2189,001900007,78.0,0.19,51.3,337.5,0.0075,0.09,0.0,0.42,121.951,0.015,,,,0.22,950.0,2.07,,,
2190,001900008,78.0,0.19,51.3,337.5,0.0075,0.09,0.0,0.42,60.976,0.074,,,,0.22,950.0,2.07,,,
2191,001910000,,,,,,,,,,,,,,,,,0.17,78.75,0.35
2192,001910001,78.0,0.19,51.3,337.5,0.0075,0.09,0.0,0.42,121.951,0.014,,,,0.22,950.0,2.07,,,
2193,001910002,78.0,0.19,51.3,337.5,0.0075,0.09,0.0,0.42,24.39,0.122,,,,0.22,950.0,2.07,,,
2194,001910003,78.0,0.19,51.3,337.5,0.0075,0.09,0.0,0.42,60.976,0.074,,,,0.22,950.0,2.07,,,
2195,001910004,78.0,0.19,51.3,337.5,0.0075,0.09,0.0,0.42,15.244,0.242,,,,0.22,950.0,2.07,,,
2196,001910005,78.0,0.19,51.3,337.5,0.0075,0.09,0.0,0.42,60.976,0.075,,,,0.22,950.0,2.07,,,
2197,001910006,78.0,0.19,51.3,337.5,0.0075,0.09,0.0,0.42,121.951,0.016,,,,0.22,950.0,2.07,,,
2198,001910007,78.0,0.19,51.3,337.5,0.0075,0.09,0.0,0.42,15.244,0.235,,,,0.22,950.0,2.07,,,
2199,001910008,78.0,0.19,51.3,337.5,0.0075,0.09,0.0,0.42,24.39,0.125,,,,0.22,950.0,2.07,,,
2200,001910009,78.0,0.19,51.3,337.5,0.0075,0.09,0.0,0.42,18.293,0.174,,,,0.22,950.0,2.07,,,
2201,001910010,78.0,0.19,51.3,337.5,0.0075,0.09,0.0,0.42,15.244,0.239,,,,0.22,950.0,2.07,,,
2202,001910011,78.0,0.19,51.3,337.5,0.0075,0.09,0.0,0.42,24.39,0.124,,,,0.22,950.0,2.07,,,
2203,001910012,78.0,0.19,51.3,337.5,0.0075,0.09,0.0,0.42,121.951,0.014,,,,0.22,950.0,2.07,,,
2204,001910013,78.0,0.19,51.3,337.5,0.0075,0.09,0.0,0.42,18.293,0.174,,,,0.22,950.0,2.07,,,
2205,001910014,78.0,0.19,51.3,337.5,0.0075,0.09,0.0,0.42,60.976,0.075,,,,0.22,950.0,2.07,,,
2206,001910015,78.0,0.19,51.3,337.5,0.0075,0.09,0.0,0.42,9.146,0.361,,,,0.22,950.0,2.07,,,
2207,001910016,78.0,0.19,51.3,337.5,0.0075,0.09,0.0,0.42,60.976,0.076,,,,0.22,950.0,2.07,,,
2208,001910017,78.0,0.19,51.3,337.5,0.0075,0.09,0.0,0.42,24.39,0.124,,,,0.22,950.0,2.07,,,
2209,001910018,78.0,0.19,51.3,337.5,0.0075,0.09,0.0,0.42,15.244,0.242,,,,0.22,950.0,2.07,,,
2210,001910019,78.0,0.19,51.3,337.5,0.0075,0.09,0.0,0.42,18.293,0.174,,,,0.22,950.0,2.07,,,
2211,001910020,78.0,0.19,51.3,337.5,0.0075,0.09,0.0,0.42,121.951,0.017,,,,0.22,950.0,2.07,,,
2212,001920000,,,,,,,,,,,,,,,,,0.17,78.75,0.35
2213,001920001,78.0,0.19,51.3,337.5,0.0075,0.09,0.0,0.42,15.244,0.247,,,,0.22,950.0,2.07,,,
2214,001920002,78.0,0.19,51.3,337.5,0.0075,0.09,0.0,0.42,18.293,0.173,,,,0.22,950.0,2.07,,,
2215,001920003,78.0,0.19,51.3,337.5,0.0075,0.09,0.0,0.42,9.146,0.378,,,,0.22,950.0,2.07,,,
2216,001920004,78.0,0.19,51.3,337.5,0.0075,0.09,0.0,0.42,24.39,0.122,,,,0.22,950.0,2.07,,,
2217,001920005,78.0,0.19,51.3,337.5,0.0075,0.09,0.0,0.42,24.39,0.123,,,,0.22,950.0,2.07,,,
2218,001920006,78.0,0.19,51.3,337.5,0.0075,0.09,0.0,0.42,60.976,0.075,,,,0.22,950.0,2.07,,,
2219,001920007,78.0,0.19,51.3,337.5,0.0075,0.09,0.0,0.42,121.951,0.019,,,,0.22,950.0,2.07,,,
2220,001920008,78.0,0.19,51.3,337.5,0.0075,0.09,0.0,0.42,18.293,0.174,,,,0.22,950.0,2.07,,,
2221,001920009,78.0,0.19,51.3,337.5,0.0075,0.09,0.0,0.42,15.244,0.248,,,,0.22,950.0,2.07,,,
2222,001920010,78.0,0.19,51.3,337.5,0.0075,0.09,0.0,0.42,9.146,0.37,,,,0.22,950.0,2.07,,,
2223,001920011,78.0,0.19,51.3,337.5,0.0075,0.09,0.0,0.42,60.976,0.075,,,,0.22,950.0,2.07,,,
2224,001920012,78.0,0.19,51.3,337.5,0.0075,0.09,0.0,0.42,121.951,0.019,,,,0.22,950.0,2.07,,,
2225,001920013,78.0,0.19,51.3,337.5,0.0075,0.09,0.0,0.42,24.39,0.121,,,,0.22,950.0,2.07,,,
2226,001920014,78.0,0.19,51.3,337.5,0.0075,0.09,0.0,0.42,15.244,0.242,,,,0.22,950.0,2.07,,,
2227,001920015,78.0,0.19,51.3,337.5,0.0075,0.09,0.0,0.42,60.976,0.118,,,,0.22,950.0,2.07,,,
2228,001920016,78.0,0.19,51.3,337.5,0.0075,0.09,0.0,0.42,91.463,0.021,,,,0.22,950.0,2.07,,,
2229,001920017,78.0,0.19,51.3,337.5,0.0075,0.09,0.0,0.42,60.976,0.074,,,,0.22,950.0,2.07,,,
2230,001930000,,,,,,,,,,,,,,,,,0.17,78.75,0.35
2231,001930001,78.0,0.19,51.3,337.5,0.0075,0.09,0.0,0.42,121.951,0.014,,,,0.22,950.0,2.07,,,
2232,001930002,78.0,0.19,51.3,337.5,0.0075,0.09,0.0,0.42,15.244,0.247,,,,0.22,950.0,2.07,,,
2233,001930003,78.0,0.19,51.3,337.5,0.0075,0.09,0.0,0.42,9.146,0.388,,,,0.22,950.0,2.07,,,
2234,001930004,78.0,0.19,51.3,337.5,0.0075,0.09,0.0,0.42,9.146,0.637,,,,0.22,950.0,2.07,,,
2235,001930005,78.0,0.19,51.3,337.5,0.0075,0.09,0.0,0.42,15.244,0.243,,,,0.22,950.0,2.07,,,
2236,001930006,78.0,0.19,51.3,337.5,0.0075,0.09,0.0,0.42,24.39,0.123,,,,0.22,950.0,2.07,,,
2237,001930007,78.0,0.19,51.3,337.5,0.0075,0.09,0.0,0.42,18.293,0.176,,,,0.22,950.0,2.07,,,
2238,001930008,78.0,0.19,51.3,337.5,0.0075,0.09,0.0,0.42,121.951,0.013,,,,0.22,950.0,2.07,,,
2239,001930009,78.0,0.19,51.3,337.5,0.0075,0.09,0.0,0.42,9.146,0.365,,,,0.22,950.0,2.07,,,
2240,001940000,,,,,,,,,,,,,,,,,0.17,78.75,0.35
2241,001940001,78.0,0.19,51.3,337.5,0.0075,0.09,0.0,0.42,24.39,0.126,,,,0.22,950.0,2.07,,,
2242,001940002,78.0,0.19,51.3,337.5,0.0075,0.09,0.0,0.42,60.976,0.075,,,,0.22,950.0,2.07,,,
2243,001940003,78.0,0.19,51.3,337.5,0.0075,0.09,0.0,0.42,121.951,0.013,,,,0.22,950.0,2.07,,,
2244,001940004,78.0,0.19,51.3,337.5,0.0075,0.09,0.0,0.42,15.244,0.24,,,,0.22,950.0,2.07,,,
2245,001940005,78.0,0.19,51.3,337.5,0.0075,0.09,0.0,0.42,18.293,0.175,,,,0.22,950.0,2.07,,,
2246,001940006,78.0,0.19,51.3,337.5,0.0075,0.09,0.0,0.42,121.951,0.011,,,,0.22,950.0,2.07,,,
2247,001940007,78.0,0.19,51.3,337.5,0.0075,0.09,0.0,0.42,15.244,0.243,,,,0.22,950.0,2.07,,,
2248,001940008,78.0,0.19,51.3,337.5,0.0075,0.09,0.0,0.42,9.146,0.365,,,,0.22,950.0,2.07,,,
2249,001940009,78.0,0.19,51.3,337.5,0.0075,0.09,0.0,0.42,18.293,0.176,,,,0.22,950.0,2.07,,,
2250,001940010,78.0,0.19,51.3,337.5,0.0075,0.09,0.0,0.42,24.39,0.125,,,,0.22,950.0,2.07,,,
2251,001950000,,,,,,,,,,,,,,,,,0.17,78.75,0.35
2252,001950001,78.0,0.19,51.3,337.5,0.0075,0.09,0.0,0.42,24.39,0.124,,,,0.22,950.0,2.07,,,
2253,001950002,78.0,0.19,51.3,337.5,0.0075,0.09,0.0,0.42,60.976,0.075,,,,0.22,950.0,2.07,,,
2254,001950003,78.0,0.19,51.3,337.5,0.0075,0.09,0.0,0.42,18.293,0.174,,,,0.22,950.0,2.07,,,
2255,001950004,78.0,0.19,51.3,337.5,0.0075,0.09,0.0,0.42,121.951,0.013,,,,0.22,950.0,2.07,,,
2256,001950005,78.0,0.19,51.3,337.5,0.0075,0.09,0.0,0.42,15.244,0.236,,,,0.22,950.0,2.07,,,
2257,001950006,78.0,0.19,51.3,337.5,0.0075,0.09,0.0,0.42,18.293,0.172,,,,0.22,950.0,2.07,,,
2258,001950007,78.0,0.19,51.3,337.5,0.0075,0.09,0.0,0.42,24.39,0.123,,,,0.22,950.0,2.07,,,
2259,001950008,78.0,0.19,51.3,337.5,0.0075,0.09,0.0,0.42,60.976,0.074,,,,0.22,950.0,2.07,,,
2260,001950009,78.0,0.19,51.3,337.5,0.0075,0.09,0.0,0.42,15.244,0.236,,,,0.22,950.0,2.07,,,
2261,001950010,78.0,0.19,51.3,337.5,0.0075,0.09,0.0,0.42,121.951,0.013,,,,0.22,950.0,2.07,,,
2262,basins,,,,,,,,,,,0.95,14.0,1.0,,,,,,
